-- MySQL dump 10.13  Distrib 8.0.25-15, for Linux (x86_64)
--
-- Host: localhost    Database: u3434430_ru_villages
-- ------------------------------------------------------
-- Server version	8.0.25-15

/*!40101 SET @OLD_CHARACTER_SET_CLIENT=@@CHARACTER_SET_CLIENT */;
/*!40101 SET @OLD_CHARACTER_SET_RESULTS=@@CHARACTER_SET_RESULTS */;
/*!40101 SET @OLD_COLLATION_CONNECTION=@@COLLATION_CONNECTION */;
/*!50503 SET NAMES utf8mb4 */;
/*!40103 SET @OLD_TIME_ZONE=@@TIME_ZONE */;
/*!40103 SET TIME_ZONE='+00:00' */;
/*!40014 SET @OLD_UNIQUE_CHECKS=@@UNIQUE_CHECKS, UNIQUE_CHECKS=0 */;
/*!40014 SET @OLD_FOREIGN_KEY_CHECKS=@@FOREIGN_KEY_CHECKS, FOREIGN_KEY_CHECKS=0 */;
/*!40101 SET @OLD_SQL_MODE=@@SQL_MODE, SQL_MODE='NO_AUTO_VALUE_ON_ZERO' */;
/*!40111 SET @OLD_SQL_NOTES=@@SQL_NOTES, SQL_NOTES=0 */;
/*!50717 SELECT COUNT(*) INTO @rocksdb_has_p_s_session_variables FROM INFORMATION_SCHEMA.TABLES WHERE TABLE_SCHEMA = 'performance_schema' AND TABLE_NAME = 'session_variables' */;
/*!50717 SET @rocksdb_get_is_supported = IF (@rocksdb_has_p_s_session_variables, 'SELECT COUNT(*) INTO @rocksdb_is_supported FROM performance_schema.session_variables WHERE VARIABLE_NAME=\'rocksdb_bulk_load\'', 'SELECT 0') */;
/*!50717 PREPARE s FROM @rocksdb_get_is_supported */;
/*!50717 EXECUTE s */;
/*!50717 DEALLOCATE PREPARE s */;
/*!50717 SET @rocksdb_enable_bulk_load = IF (@rocksdb_is_supported, 'SET SESSION rocksdb_bulk_load = 1', 'SET @rocksdb_dummy_bulk_load = 0') */;
/*!50717 PREPARE s FROM @rocksdb_enable_bulk_load */;
/*!50717 EXECUTE s */;
/*!50717 DEALLOCATE PREPARE s */;

--
-- Table structure for table `admin_users`
--

DROP TABLE IF EXISTS `admin_users`;
/*!40101 SET @saved_cs_client     = @@character_set_client */;
/*!50503 SET character_set_client = utf8mb4 */;
CREATE TABLE `admin_users` (
  `id` int NOT NULL AUTO_INCREMENT,
  `username` varchar(100) CHARACTER SET utf8mb4 COLLATE utf8mb4_unicode_ci NOT NULL,
  `password` varchar(255) CHARACTER SET utf8mb4 COLLATE utf8mb4_unicode_ci NOT NULL,
  `full_name` varchar(255) CHARACTER SET utf8mb4 COLLATE utf8mb4_unicode_ci DEFAULT NULL,
  `created_at` timestamp NULL DEFAULT CURRENT_TIMESTAMP,
  PRIMARY KEY (`id`),
  UNIQUE KEY `username` (`username`)
) ENGINE=InnoDB AUTO_INCREMENT=2 DEFAULT CHARSET=utf8mb4 COLLATE=utf8mb4_unicode_ci;
/*!40101 SET character_set_client = @saved_cs_client */;

--
-- Dumping data for table `admin_users`
--

LOCK TABLES `admin_users` WRITE;
/*!40000 ALTER TABLE `admin_users` DISABLE KEYS */;
INSERT INTO `admin_users` VALUES (1,'admin','admin123','Admin','2026-02-16 20:21:52');
/*!40000 ALTER TABLE `admin_users` ENABLE KEYS */;
UNLOCK TABLES;

--
-- Table structure for table `categories`
--

DROP TABLE IF EXISTS `categories`;
/*!40101 SET @saved_cs_client     = @@character_set_client */;
/*!50503 SET character_set_client = utf8mb4 */;
CREATE TABLE `categories` (
  `id` int NOT NULL AUTO_INCREMENT,
  `parent_id` int DEFAULT NULL,
  `name` varchar(255) CHARACTER SET utf8mb4 COLLATE utf8mb4_unicode_ci NOT NULL,
  `slug` varchar(255) CHARACTER SET utf8mb4 COLLATE utf8mb4_unicode_ci NOT NULL,
  `description` text CHARACTER SET utf8mb4 COLLATE utf8mb4_unicode_ci,
  `sort_order` int DEFAULT '0',
  `created_at` timestamp NULL DEFAULT CURRENT_TIMESTAMP,
  `updated_at` timestamp NULL DEFAULT CURRENT_TIMESTAMP ON UPDATE CURRENT_TIMESTAMP,
  PRIMARY KEY (`id`),
  KEY `idx_parent` (`parent_id`),
  KEY `idx_slug` (`slug`),
  KEY `idx_sort` (`sort_order`),
  CONSTRAINT `categories_ibfk_1` FOREIGN KEY (`parent_id`) REFERENCES `categories` (`id`) ON DELETE CASCADE
) ENGINE=InnoDB AUTO_INCREMENT=202 DEFAULT CHARSET=utf8mb4 COLLATE=utf8mb4_unicode_ci;
/*!40101 SET character_set_client = @saved_cs_client */;

--
-- Dumping data for table `categories`
--

LOCK TABLES `categories` WRITE;
/*!40000 ALTER TABLE `categories` DISABLE KEYS */;
INSERT INTO `categories` VALUES (3,NULL,'Области','oblasti','',2,'2026-02-17 10:07:19','2026-02-17 10:07:19'),(4,3,'Тульская область','tulskaya-oblast','',1,'2026-02-17 10:07:35','2026-02-19 11:00:41'),(5,4,'Кимовский район','kimovskij','',1,'2026-02-17 10:09:13','2026-02-17 15:45:28'),(6,4,'Городской округ Новомосковск','gorodskoj-okrug-novomoskovsk','',2,'2026-02-17 15:45:06','2026-02-17 15:45:06'),(7,NULL,'Республики','respubliki','',3,'2026-02-18 19:39:54','2026-02-18 19:39:54'),(8,3,'Московская область','moskovskaya','',2,'2026-02-18 19:42:52','2026-02-19 11:00:47'),(9,NULL,'Края','kraya','',4,'2026-02-18 19:46:50','2026-02-18 19:46:50'),(10,NULL,'Автономная область','avtonomnaya-oblast','',5,'2026-02-18 19:47:49','2026-02-18 19:47:49'),(11,NULL,'Автономные округа','avtonomnye-okruga','',6,'2026-02-18 19:48:15','2026-02-18 19:48:15'),(12,NULL,'Губернии','gubernii','',7,'2026-02-18 20:02:19','2026-02-18 20:02:19'),(14,NULL,'Уезды','uezdy-1771445029','',8,'2026-02-18 20:03:49','2026-02-18 20:03:49'),(16,14,'Венёвский уезд','venyovskij','',1,'2026-02-18 20:05:14','2026-02-19 12:04:50'),(19,12,'Тульская губерния','tulskaya','',1,'2026-02-18 20:08:17','2026-02-19 11:53:03'),(22,5,'Сельское поселение Новольвовское','selskoe-poselenie','',1,'2026-02-18 20:13:44','2026-02-23 15:40:27'),(26,3,'Амурская область','amurskaya','',3,'2026-02-19 05:47:26','2026-02-19 11:00:54'),(27,3,'Архангельская область','arkhangelskaya','',4,'2026-02-19 05:47:41','2026-02-19 11:01:01'),(28,3,'Астраханская область','astrakhanskaya','',5,'2026-02-19 05:48:00','2026-02-19 11:30:22'),(29,3,'Белгородская область','belgorodskaya','',6,'2026-02-19 05:48:27','2026-02-19 11:30:32'),(30,3,'Брянская область','bryanskaya','',7,'2026-02-19 05:48:39','2026-02-19 11:30:40'),(31,3,'Владимирская область','vladimirskaya','',8,'2026-02-19 05:48:59','2026-02-19 11:30:48'),(32,3,'Волгоградская область','volgogradskaya','',9,'2026-02-19 05:49:11','2026-02-19 11:31:14'),(33,3,'Вологодская область','vologodskaya','',10,'2026-02-19 05:49:28','2026-02-19 11:31:24'),(34,3,'Воронежская область','voronezhskaya','',11,'2026-02-19 05:49:41','2026-02-19 11:31:31'),(35,3,'Запорожская область','zaporozhskaya','',12,'2026-02-19 05:50:00','2026-02-19 11:31:48'),(36,3,'Ивановская область','ivanovskaya','',13,'2026-02-19 05:50:12','2026-02-19 11:31:56'),(37,3,'Иркутская область','irkutskaya','',14,'2026-02-19 05:50:20','2026-02-19 11:32:04'),(38,3,'Калиниградская область','kalinigradskaya','',15,'2026-02-19 05:50:29','2026-02-19 11:32:13'),(39,3,'Калужская область','kaluzhskaya','',16,'2026-02-19 05:50:44','2026-02-19 11:32:21'),(40,3,'Кемеровская область','kemerovskaya','',17,'2026-02-19 05:50:54','2026-02-19 11:32:29'),(41,3,'Кировская область','kirovskaya','',18,'2026-02-19 05:51:02','2026-02-19 11:32:38'),(42,3,'Костромская область','kostromskaya','',19,'2026-02-19 05:51:11','2026-02-19 11:33:29'),(43,3,'Курганская область','kurganskaya','',20,'2026-02-19 05:51:26','2026-02-19 11:33:38'),(44,3,'Курская область','kurskaya','',21,'2026-02-19 05:51:34','2026-02-19 11:33:46'),(45,3,'Ленинградская область','leningradskaya','',22,'2026-02-19 05:51:54','2026-02-19 11:33:55'),(46,3,'Липецкая область','lipetskaya','',23,'2026-02-19 05:52:01','2026-02-19 11:34:50'),(47,3,'Магаданская область','magadanskaya','',24,'2026-02-19 05:52:13','2026-02-19 11:35:00'),(48,3,'Мурманская область','murmanskaya','',25,'2026-02-19 05:52:25','2026-02-19 11:35:07'),(49,3,'Нижегородская область','nizhegorodskaya','',26,'2026-02-19 05:52:38','2026-02-19 11:35:18'),(50,3,'Новгородская область','novgorodskaya','',27,'2026-02-19 05:52:46','2026-02-19 11:35:31'),(51,3,'Новосибирская область','novosibirskaya','',28,'2026-02-19 05:52:57','2026-02-19 11:35:40'),(52,3,'Омская область','omskaya','',29,'2026-02-19 05:53:07','2026-02-19 11:36:08'),(53,3,'Оренбургская область','orenburgskaya','',30,'2026-02-19 05:53:21','2026-02-19 11:36:25'),(54,3,'Орловская область','orlovskaya','',31,'2026-02-19 05:53:30','2026-02-19 11:36:39'),(55,3,'Пензенская область','penzenskaya','',32,'2026-02-19 05:53:48','2026-02-19 11:36:46'),(56,3,'Псковская область','pskovskaya','',33,'2026-02-19 05:53:55','2026-02-19 11:36:55'),(57,3,'Ростовская область','rostovskaya','',34,'2026-02-19 05:54:04','2026-02-19 11:37:02'),(58,3,'Самарская область','samarskaya','',35,'2026-02-19 05:54:15','2026-02-19 11:37:14'),(59,3,'Саратовская область','saratovskaya','',36,'2026-02-19 05:54:22','2026-02-19 11:38:14'),(60,3,'Сахалинская область','sakhalinskaya','',37,'2026-02-19 05:54:31','2026-02-19 11:38:25'),(61,3,'Свердловская область','sverdlovskaya','',38,'2026-02-19 05:54:46','2026-02-19 11:38:40'),(62,3,'Смоленская область','smolenskaya','',39,'2026-02-19 05:54:54','2026-02-19 11:38:48'),(63,3,'Тамбовская область','tambovskaya','',40,'2026-02-19 05:55:02','2026-02-19 11:38:56'),(64,3,'Тверская область','tverskaya','',41,'2026-02-19 05:55:11','2026-02-19 11:39:04'),(65,3,'Томская область','tomskaya','',42,'2026-02-19 05:55:17','2026-02-19 11:39:12'),(66,3,'Тюменская область','tyumenskaya','',43,'2026-02-19 05:55:28','2026-02-19 11:39:21'),(67,3,'Ульяновская область','ulyanovskaya','',44,'2026-02-19 05:55:44','2026-02-19 11:39:30'),(68,3,'Херсонская область','khersonskaya','',45,'2026-02-19 05:55:54','2026-02-19 11:39:38'),(69,3,'Челябинская область','chelyabinskaya','',46,'2026-02-19 05:56:01','2026-02-19 11:39:45'),(70,3,'Ярославская область','yaroslavskaya','',47,'2026-02-19 05:56:11','2026-02-19 11:39:56'),(74,3,'Рязанская область','ryazanskaya','',48,'2026-02-19 06:09:08','2026-02-19 11:40:05'),(75,7,'Республика Адыгея','respublika-adygeya','',1,'2026-02-19 10:09:16','2026-02-19 10:09:16'),(76,7,'Республика Алтай','respublika-altaj','',2,'2026-02-19 10:09:29','2026-02-19 10:09:29'),(77,7,'Республика Башкортостан','respublika-bashkortostan','',3,'2026-02-19 10:09:47','2026-02-19 10:09:47'),(78,7,'Республика Бурятия','respublika-buryatiya','',4,'2026-02-19 10:09:59','2026-02-19 10:09:59'),(79,7,'Республика Дагестан','respublika-dagestan','',5,'2026-02-19 10:10:08','2026-02-19 10:10:08'),(80,7,'Донецкая Народная Республика','donetskaya-narodnaya-respublika','',6,'2026-02-19 10:10:19','2026-02-19 10:10:19'),(81,7,'Республика Ингушетия','respublika-ingushetiya','',7,'2026-02-19 10:10:30','2026-02-19 10:10:30'),(82,7,'Кабардино-Балкарская Республика','kabardino-balkarskaya-respublika','',8,'2026-02-19 10:10:40','2026-02-19 10:10:40'),(83,7,'Республика Калмыкия','respublika-kalmykiya','',9,'2026-02-19 10:10:51','2026-02-19 10:10:51'),(84,7,'Карачаево-Черкесская Республика','karachaevo-cherkesskaya-respublika','',10,'2026-02-19 10:11:23','2026-02-19 10:11:23'),(85,7,'Республика Карелия','respublika-kareliya','',11,'2026-02-19 10:11:31','2026-02-19 10:11:31'),(86,7,'Республика Коми','respublika-komi','',12,'2026-02-19 10:11:41','2026-02-19 10:11:41'),(87,7,'Республика Крым','respublika-krym','',13,'2026-02-19 10:11:51','2026-02-19 10:11:51'),(88,7,'Луганская Народная Республика','luganskaya-narodnaya-respublika','',14,'2026-02-19 10:12:00','2026-02-19 10:12:00'),(89,7,'Республика Марий Эл','respublika-marij-el','',15,'2026-02-19 10:12:35','2026-02-19 10:12:35'),(90,7,'Республика Мордовия','respublika-mordoviya','',16,'2026-02-19 10:12:45','2026-02-19 10:12:45'),(91,7,'Республика Саха (Якутия)','respublika-sakha-yakutiya','',17,'2026-02-19 10:12:59','2026-02-19 10:12:59'),(92,7,'Республика Северная Осетия - Алания','respublika-severnaya-osetiya---alaniya','',18,'2026-02-19 10:13:09','2026-02-19 10:13:09'),(93,7,'Республика Татарстан','respublika-tatarstan','',19,'2026-02-19 10:13:19','2026-02-19 10:13:19'),(94,7,'Республика Тыва','respublika-tyva','',20,'2026-02-19 10:13:27','2026-02-19 10:13:27'),(95,7,'Удмуртская Республика','udmurtskaya-respublika','',21,'2026-02-19 10:13:40','2026-02-19 10:13:40'),(96,7,'Республика Хакасия','respublika-khakasiya','',22,'2026-02-19 10:13:54','2026-02-19 10:13:54'),(97,7,'Чеченская Республика','chechenskaya-respublika','',23,'2026-02-19 10:14:01','2026-02-19 10:14:01'),(98,7,'Чувашская Республика - Чувашия','chuvashskaya-respublika---chuvashiya','',24,'2026-02-19 10:14:13','2026-02-19 10:14:13'),(99,12,'Московская губерния','moskovskaya-1771498720','',2,'2026-02-19 10:58:40','2026-02-19 11:53:35'),(101,6,'Гремячевское управление','gremyachevskoe-poselenie','',1,'2026-02-19 11:41:24','2026-02-19 12:09:37'),(102,6,'Спасское управление','spasskoe-poselenie','',2,'2026-02-19 11:41:37','2026-02-19 12:09:27'),(103,6,'Рига-Васильевское управление','riga-vasilevskoe-upravlenie','',3,'2026-02-19 11:41:50','2026-02-19 11:41:50'),(104,10,'Еврейская АО','evrejskaya-ao','',1,'2026-02-19 11:45:12','2026-02-19 11:45:12'),(105,11,'Ненецкий АО','nenetskij-ao','',1,'2026-02-19 11:46:01','2026-02-19 11:46:01'),(106,11,'Ханты-Мансийский АО','khanty-mansijskij-ao','',2,'2026-02-19 11:46:11','2026-02-19 11:46:11'),(107,11,'Чукотский АО','chukotskij-ao','',3,'2026-02-19 11:49:06','2026-02-19 11:49:06'),(108,11,'Ямало-Ненецкий АО','yamalo-nenetskij-ao','',4,'2026-02-19 11:49:15','2026-02-19 11:49:15'),(109,19,'Алексинский уезд','aleksinskij-uezd','',1,'2026-02-19 11:55:15','2026-02-19 11:55:15'),(110,19,'Белёвский уезд','belyovskij','',2,'2026-02-19 11:55:34','2026-02-19 11:55:44'),(111,19,'Богородицкий уезд','bogoroditskij-uezd','',3,'2026-02-19 11:56:20','2026-02-19 11:56:20'),(112,19,'Венёвский уезд','venyovskij-uezd','',4,'2026-02-19 11:56:38','2026-02-19 11:56:38'),(113,19,'Епифанский уезд','epifanskij-uezd','',5,'2026-02-19 11:57:42','2026-02-19 11:57:42'),(114,19,'Ефремовский уезд','efremovskij-uezd','',6,'2026-02-19 11:57:58','2026-02-19 11:57:58'),(115,19,'Каширский уезд','kashirskij-uezd','',7,'2026-02-19 11:58:20','2026-02-19 11:58:20'),(116,19,'Крапивенский уезд','krapivenskij-uezd','',8,'2026-02-19 11:58:35','2026-02-19 11:58:35'),(117,19,'Новосильский уезд','novosilskij-uezd','',9,'2026-02-19 11:59:40','2026-02-19 11:59:40'),(118,19,'Одоевский уезд','odoevskij-uezd','',10,'2026-02-19 12:00:28','2026-02-19 12:00:28'),(119,19,'Тульский уезд','tulskij-uezd','',11,'2026-02-19 12:00:43','2026-02-19 12:00:43'),(120,19,'Чернский уезд','chernskij-uezd','',12,'2026-02-19 12:00:58','2026-02-19 12:00:58'),(121,16,'Есенецкий стан','esenetskij-stan','',2,'2026-02-19 12:05:04','2026-02-19 12:05:04'),(122,4,'Венёвский муниципальный округ','venyovskij-munitsipalnyj-okrug','',3,'2026-02-19 13:17:56','2026-02-19 13:17:56'),(123,4,'Городской округ Тула','gorodskoj-okrug-tula','',4,'2026-02-19 13:22:50','2026-02-19 13:22:50'),(124,4,'Ясногорский район','yasnogorskij-rajon','',5,'2026-02-19 13:23:04','2026-02-19 13:23:04'),(125,4,'Киреевский район','kireevskij-rajon','',6,'2026-02-19 13:23:12','2026-02-19 13:23:12'),(126,4,'Узловский район','uzlovskij-rajon','',7,'2026-02-19 13:23:54','2026-02-19 13:23:54'),(127,4,'Ефремовский муниципальный округ','efremovskij-munitsipalnyj-okrug','',8,'2026-02-19 13:24:35','2026-02-19 13:24:35'),(128,4,'Куркинский район','kurkinskij-rajon','',9,'2026-02-19 13:25:32','2026-02-19 13:25:32'),(129,4,'Щёкинский район','shchyokinskij-rajon','',10,'2026-02-19 13:27:12','2026-02-19 13:27:12'),(130,4,'Городской округ Алексин','gorodskoj-okrug-aleksin','',11,'2026-02-19 13:27:42','2026-02-19 13:27:42'),(131,4,'Дубенский район','dubenskij-rajon','',12,'2026-02-19 13:37:23','2026-02-19 13:37:23'),(132,4,'Плавский район','plavskij-rajon','',13,'2026-02-19 13:38:10','2026-02-19 13:38:10'),(133,4,'Тёпло-Огарёвский район','tyoplo-ogaryovskij-rajon','',14,'2026-02-19 13:38:36','2026-02-19 13:38:36'),(134,4,'Богородицкий район','bogoroditskij-rajon','',15,'2026-02-19 13:39:20','2026-02-19 13:39:20'),(135,4,'Чернский район','chernskij-rajon','',16,'2026-02-19 13:40:02','2026-02-19 13:40:02'),(136,4,'Заокский район','zaokskij-rajon','',17,'2026-02-19 13:41:19','2026-02-19 13:41:19'),(137,4,'Суворовский район','suvorovskij-rajon','',18,'2026-02-19 13:42:13','2026-02-19 13:42:13'),(138,4,'Одоевский район','odoevskij-rajon','',19,'2026-02-19 13:43:02','2026-02-19 13:43:02'),(139,4,'Арсеньевский район','arsenevskij-rajon','',20,'2026-02-19 13:45:00','2026-02-19 13:45:00'),(140,4,'Каменский район','kamenskij-rajon','',21,'2026-02-19 13:46:14','2026-02-19 13:46:14'),(141,4,'Воловский район','volovskij-rajon','',22,'2026-02-19 13:46:49','2026-02-19 13:46:49'),(142,4,'Городской округ Донской','gorodskoj-okrug-donskoj','',23,'2026-02-19 13:49:30','2026-02-19 13:49:30'),(143,4,'Городской округ Славный','gorodskoj-okrug-slavnyj','',24,'2026-02-19 13:50:04','2026-02-19 13:50:04'),(144,9,'Алтайский край','altajskij-kraj','',1,'2026-02-19 14:04:22','2026-02-19 14:04:22'),(145,9,'Забайкальский край','zabajkalskij-kraj','',2,'2026-02-19 14:04:37','2026-02-19 14:04:37'),(146,9,'Камчатский край','kamchatskij-kraj','',3,'2026-02-19 14:04:44','2026-02-19 14:04:44'),(147,9,'Краснодарский край','krasnodarskij-kraj','',4,'2026-02-19 14:04:54','2026-02-19 14:04:54'),(148,9,'Красноярский край','krasnoyarskij-kraj','',5,'2026-02-19 14:05:06','2026-02-19 14:05:06'),(149,9,'Пермский край','permskij-kraj','',6,'2026-02-19 14:05:15','2026-02-19 14:05:15'),(150,9,'Приморский край','primorskij-kraj','',7,'2026-02-19 14:05:22','2026-02-19 14:05:22'),(151,9,'Ставропольский край','stavropolskij-kraj','',8,'2026-02-19 14:05:30','2026-02-19 14:05:30'),(152,9,'Хабаровский край','khabarovskij-kraj','',9,'2026-02-19 14:05:38','2026-02-19 14:05:38'),(162,5,'Сельское поселение Епифанское','selskoe-poselenie-epifanskoe','',2,'2026-02-24 18:44:02','2026-02-24 18:44:02'),(163,8,'Муниципальный округ Серебряные Пруды','munitsipalnyj-okrug-serebryanye-prudy','',1,'2026-02-24 18:49:12','2026-02-24 18:49:12'),(164,8,'Муниципальный округ Зарайск','munitsipalnyj-okrug-zarajsk','',2,'2026-02-24 18:57:55','2026-02-24 18:57:55'),(165,8,'Городской округ Кашира','gorodskoj-okrug-kashira','',3,'2026-02-24 18:58:46','2026-02-24 18:58:46'),(166,8,'Городской округ Ступино','gorodskoj-okrug-stupino','',4,'2026-02-24 18:59:26','2026-02-24 18:59:26'),(167,8,'Гоодской округ Серпухов','goodskoj-okrug-serpukhov','',5,'2026-02-24 19:00:23','2026-02-24 19:00:23'),(168,8,'Муниципальный округ Луховицы','munitsipalnyj-okrug-lukhovitsy','',6,'2026-02-24 19:01:11','2026-02-24 19:01:11'),(169,8,'Городской округ Коломна','gorodskoj-okrug-kolomna','',7,'2026-02-24 19:01:48','2026-02-24 19:01:48'),(170,8,'Муниципальный округ Чехов','munitsipalnyj-okrug-chekhov','',8,'2026-02-24 19:02:55','2026-02-24 19:02:55'),(171,8,'Городской округ Подольск','gorodskoj-okrug-podolsk','',9,'2026-02-24 19:03:53','2026-02-24 19:03:53'),(172,8,'Городской округ Домодедово','gorodskoj-okrug-domodedovo','',10,'2026-02-24 19:04:50','2026-02-24 19:04:50'),(173,8,'Городской округ Воскресенск','gorodskoj-okrug-voskresensk','',11,'2026-02-24 19:10:33','2026-02-24 19:10:33'),(174,8,'Муниципальный округ Егорьевск','munitsipalnyj-okrug-egorevsk','',12,'2026-02-24 19:11:20','2026-02-24 19:11:20'),(175,8,'Раменский муниципальный округ','ramenskij-munitsipalnyj-okrug','',13,'2026-02-24 19:13:03','2026-02-24 19:13:03'),(176,8,'Муниципальный округ Шатура','munitsipalnyj-okrug-shatura','',14,'2026-02-24 19:13:45','2026-02-24 19:13:45'),(177,8,'Орехово-Зуевский городской округ','orekhovo-zuevskij-gorodskoj-okrug','',15,'2026-02-24 19:14:52','2026-02-24 19:14:52'),(178,8,'Павлово-Посадский городской округ','pavlovo-posadskij-gorodskoj-okrug','',16,'2026-02-24 19:15:34','2026-02-24 19:15:34'),(179,8,'Богородский городской округ','bogorodskij-gorodskoj-okrug','',17,'2026-02-24 19:16:16','2026-02-24 19:16:16'),(180,8,'Городской округ Балашиха','gorodskoj-okrug-balashikha','',18,'2026-02-24 19:17:01','2026-02-24 19:17:01'),(181,8,'Городской округ Люберцы','gorodskoj-okrug-lyubertsy','',19,'2026-02-24 19:17:44','2026-02-24 19:17:44'),(182,8,'Ленинский городской округ','leninskij-gorodskoj-okrug','',20,'2026-02-24 19:19:37','2026-02-24 19:19:37'),(183,8,'Наро-Фоминский городской округ','naro-fominskij-gorodskoj-okrug','',21,'2026-02-24 19:20:51','2026-02-24 19:20:51'),(184,8,'Можайский муниципальный округ','mozhajskij-munitsipalnyj-okrug','',22,'2026-02-24 19:21:56','2026-02-24 19:21:56'),(185,8,'Рузский муниципальный округ','ruzskij-munitsipalnyj-okrug','',23,'2026-02-24 19:22:44','2026-02-24 19:22:44'),(186,8,'Одинцовский городской округ','odintsovskij-gorodskoj-okrug','',24,'2026-02-24 19:24:04','2026-02-24 19:24:04'),(187,8,'Городской округ Красногорск','gorodskoj-okrug-krasnogorsk','',25,'2026-02-24 19:24:43','2026-02-24 19:24:43'),(188,8,'Городской округ Химки','gorodskoj-okrug-khimki','',26,'2026-02-24 19:25:26','2026-02-24 19:25:26'),(189,8,'Городской округ Мытищи','gorodskoj-okrug-mytishchi','',27,'2026-02-24 19:25:50','2026-02-24 19:25:50'),(190,8,'Городской округ Пушкинский','gorodskoj-okrug-pushkinskij','',28,'2026-02-24 19:27:16','2026-02-24 19:27:16'),(191,8,'Городской округ Щёлково','gorodskoj-okrug-shchyolkovo','',29,'2026-02-24 19:28:02','2026-02-24 19:28:02'),(192,122,'Территориальное управление Центральное','territorialnoe-upravlenie-tsentralnoe','',1,'2026-02-27 20:14:07','2026-02-27 20:14:07'),(193,8,'Сергиево-Посадский городской округ','sergievo-posadskij-gorodskoj-okrug','',30,'2026-03-04 12:25:18','2026-03-04 12:25:18'),(194,8,'Дмитровский муниципальный округ','dmitrovskij-munitsipalnyj-okrug','',31,'2026-03-04 12:26:11','2026-03-04 12:26:11'),(195,8,'Талдомский городской округ','taldomskij-gorodskoj-okrug','',32,'2026-03-04 12:27:09','2026-03-04 12:27:09'),(196,8,'Городской округ Солнечногорск','gorodskoj-okrug-solnechnogorsk','',33,'2026-03-04 12:28:07','2026-03-04 12:28:07'),(197,8,'Городской округ Клин','gorodskoj-okrug-klin','',34,'2026-03-04 12:28:57','2026-03-04 12:28:57'),(198,8,'Муниципальный округ Истра','munitsipalnyj-okrug-istra','',35,'2026-03-04 12:30:40','2026-03-04 12:30:40'),(199,8,'Волоколамский муниципальный округ','volokolamskij-munitsipalnyj-okrug','',36,'2026-03-04 12:31:39','2026-03-04 12:31:39'),(200,8,'Муниципальный округ Шаховская','munitsipalnyj-okrug-shakhovskaya','',37,'2026-03-04 12:32:08','2026-03-04 12:32:08'),(201,8,'Муниципальный округ Лотошино','munitsipalnyj-okrug-lotoshino','',38,'2026-03-04 12:33:57','2026-03-04 12:33:57');
/*!40000 ALTER TABLE `categories` ENABLE KEYS */;
UNLOCK TABLES;

--
-- Table structure for table `contact_messages`
--

DROP TABLE IF EXISTS `contact_messages`;
/*!40101 SET @saved_cs_client     = @@character_set_client */;
/*!50503 SET character_set_client = utf8mb4 */;
CREATE TABLE `contact_messages` (
  `id` int NOT NULL AUTO_INCREMENT,
  `name` varchar(255) CHARACTER SET utf8mb4 COLLATE utf8mb4_unicode_ci NOT NULL,
  `email` varchar(255) CHARACTER SET utf8mb4 COLLATE utf8mb4_unicode_ci NOT NULL,
  `subject` varchar(500) CHARACTER SET utf8mb4 COLLATE utf8mb4_unicode_ci NOT NULL,
  `message` text CHARACTER SET utf8mb4 COLLATE utf8mb4_unicode_ci NOT NULL,
  `created_at` timestamp NULL DEFAULT CURRENT_TIMESTAMP,
  PRIMARY KEY (`id`)
) ENGINE=InnoDB DEFAULT CHARSET=utf8mb4 COLLATE=utf8mb4_unicode_ci;
/*!40101 SET character_set_client = @saved_cs_client */;

--
-- Dumping data for table `contact_messages`
--

LOCK TABLES `contact_messages` WRITE;
/*!40000 ALTER TABLE `contact_messages` DISABLE KEYS */;
/*!40000 ALTER TABLE `contact_messages` ENABLE KEYS */;
UNLOCK TABLES;

--
-- Table structure for table `settlement_photos`
--

DROP TABLE IF EXISTS `settlement_photos`;
/*!40101 SET @saved_cs_client     = @@character_set_client */;
/*!50503 SET character_set_client = utf8mb4 */;
CREATE TABLE `settlement_photos` (
  `id` int NOT NULL AUTO_INCREMENT,
  `settlement_id` int NOT NULL,
  `image_path` varchar(500) CHARACTER SET utf8mb4 COLLATE utf8mb4_unicode_ci NOT NULL,
  `caption` varchar(255) CHARACTER SET utf8mb4 COLLATE utf8mb4_unicode_ci DEFAULT NULL,
  `sort_order` int DEFAULT '0',
  `created_at` timestamp NULL DEFAULT CURRENT_TIMESTAMP,
  PRIMARY KEY (`id`),
  KEY `idx_settlement` (`settlement_id`),
  CONSTRAINT `settlement_photos_ibfk_1` FOREIGN KEY (`settlement_id`) REFERENCES `settlements_v2` (`id`) ON DELETE CASCADE
) ENGINE=InnoDB DEFAULT CHARSET=utf8mb4 COLLATE=utf8mb4_unicode_ci;
/*!40101 SET character_set_client = @saved_cs_client */;

--
-- Dumping data for table `settlement_photos`
--

LOCK TABLES `settlement_photos` WRITE;
/*!40000 ALTER TABLE `settlement_photos` DISABLE KEYS */;
/*!40000 ALTER TABLE `settlement_photos` ENABLE KEYS */;
UNLOCK TABLES;

--
-- Table structure for table `settlement_population`
--

DROP TABLE IF EXISTS `settlement_population`;
/*!40101 SET @saved_cs_client     = @@character_set_client */;
/*!50503 SET character_set_client = utf8mb4 */;
CREATE TABLE `settlement_population` (
  `id` int NOT NULL AUTO_INCREMENT,
  `settlement_id` int NOT NULL,
  `year` int NOT NULL,
  `population` int NOT NULL,
  `created_at` timestamp NULL DEFAULT CURRENT_TIMESTAMP,
  PRIMARY KEY (`id`),
  KEY `idx_settlement` (`settlement_id`),
  KEY `idx_year` (`year`),
  CONSTRAINT `settlement_population_ibfk_1` FOREIGN KEY (`settlement_id`) REFERENCES `settlements_v2` (`id`) ON DELETE CASCADE
) ENGINE=InnoDB AUTO_INCREMENT=10 DEFAULT CHARSET=utf8mb4 COLLATE=utf8mb4_unicode_ci;
/*!40101 SET character_set_client = @saved_cs_client */;

--
-- Dumping data for table `settlement_population`
--

LOCK TABLES `settlement_population` WRITE;
/*!40000 ALTER TABLE `settlement_population` DISABLE KEYS */;
INSERT INTO `settlement_population` VALUES (1,51,1980,1000,'2026-03-09 09:33:08'),(2,51,1981,2000,'2026-03-09 09:33:08'),(3,51,1982,500,'2026-03-09 09:33:08'),(4,51,1985,5000,'2026-03-09 09:33:08'),(5,51,1987,5800,'2026-03-09 09:33:08'),(6,51,1988,5500,'2026-03-09 09:33:08'),(7,51,1989,6300,'2026-03-09 09:33:08'),(8,51,1990,8506,'2026-03-09 09:33:08'),(9,51,1993,13000,'2026-03-09 09:33:08');
/*!40000 ALTER TABLE `settlement_population` ENABLE KEYS */;
UNLOCK TABLES;

--
-- Table structure for table `settlement_rubrics`
--

DROP TABLE IF EXISTS `settlement_rubrics`;
/*!40101 SET @saved_cs_client     = @@character_set_client */;
/*!50503 SET character_set_client = utf8mb4 */;
CREATE TABLE `settlement_rubrics` (
  `id` int NOT NULL AUTO_INCREMENT,
  `settlement_id` int NOT NULL,
  `title` varchar(255) CHARACTER SET utf8mb4 COLLATE utf8mb4_unicode_ci NOT NULL,
  `content` longtext CHARACTER SET utf8mb4 COLLATE utf8mb4_unicode_ci,
  `sort_order` int DEFAULT '0',
  `created_at` timestamp NULL DEFAULT CURRENT_TIMESTAMP,
  `updated_at` timestamp NULL DEFAULT CURRENT_TIMESTAMP ON UPDATE CURRENT_TIMESTAMP,
  PRIMARY KEY (`id`),
  KEY `idx_settlement` (`settlement_id`),
  KEY `idx_sort` (`sort_order`),
  CONSTRAINT `settlement_rubrics_ibfk_1` FOREIGN KEY (`settlement_id`) REFERENCES `settlements_v2` (`id`) ON DELETE CASCADE
) ENGINE=InnoDB AUTO_INCREMENT=1092 DEFAULT CHARSET=utf8mb4 COLLATE=utf8mb4_unicode_ci;
/*!40101 SET character_set_client = @saved_cs_client */;

--
-- Dumping data for table `settlement_rubrics`
--

LOCK TABLES `settlement_rubrics` WRITE;
/*!40000 ALTER TABLE `settlement_rubrics` DISABLE KEYS */;
INSERT INTO `settlement_rubrics` VALUES (499,33,'История','',0,'2026-02-23 14:57:52','2026-02-23 14:57:52'),(500,33,'Топоним','',1,'2026-02-23 14:57:52','2026-02-23 14:57:52'),(501,33,'Владельцы','',2,'2026-02-23 14:57:52','2026-02-23 14:57:52'),(502,33,'Приход','',3,'2026-02-23 14:57:52','2026-02-23 14:57:52'),(503,33,'Фамилии жителей','',4,'2026-02-23 14:57:52','2026-02-23 14:57:52'),(504,33,'Административная принадлежность в разные периоды','',5,'2026-02-23 14:57:52','2026-02-23 14:57:52'),(505,33,'Численность населения в разные периоды','',6,'2026-02-23 14:57:52','2026-02-23 14:57:52'),(506,33,'Достопримечательности','',7,'2026-02-23 14:57:52','2026-02-23 14:57:52'),(507,33,'Местные жители - участники войн','',8,'2026-02-23 14:57:52','2026-02-23 14:57:52'),(508,32,'История деревни','',0,'2026-02-23 14:59:26','2026-02-23 14:59:26'),(509,32,'Топоним','',1,'2026-02-23 14:59:26','2026-02-23 14:59:26'),(510,32,'Владельцы','',2,'2026-02-23 14:59:26','2026-02-23 14:59:26'),(511,32,'Приход','',3,'2026-02-23 14:59:26','2026-02-23 14:59:26'),(512,32,'Фамилии жителей','',4,'2026-02-23 14:59:26','2026-02-23 14:59:26'),(513,32,'Административная принадлежность в разные периоды','',5,'2026-02-23 14:59:26','2026-02-23 14:59:26'),(514,32,'Численность населения в разные периоды','',6,'2026-02-23 14:59:26','2026-02-23 14:59:26'),(515,32,'Достопримечательности','',7,'2026-02-23 14:59:26','2026-02-23 14:59:26'),(516,32,'Местные жители - участники войн','',8,'2026-02-23 14:59:26','2026-02-23 14:59:26'),(517,31,'История деревни','',0,'2026-02-23 14:59:49','2026-02-23 14:59:49'),(518,31,'Топоним','',1,'2026-02-23 14:59:49','2026-02-23 14:59:49'),(519,31,'Владельцы','',2,'2026-02-23 14:59:49','2026-02-23 14:59:49'),(520,31,'Приход','',3,'2026-02-23 14:59:49','2026-02-23 14:59:49'),(521,31,'Фамилии жителей','',4,'2026-02-23 14:59:49','2026-02-23 14:59:49'),(522,31,'Административная принадлежность в разные периоды','',5,'2026-02-23 14:59:49','2026-02-23 14:59:49'),(523,31,'Численность населения в разные периоды','',6,'2026-02-23 14:59:49','2026-02-23 14:59:49'),(524,31,'Достопримечательности','',7,'2026-02-23 14:59:49','2026-02-23 14:59:49'),(525,31,'Местные жители - участники войн','',8,'2026-02-23 14:59:49','2026-02-23 14:59:49'),(526,30,'История деревни','',0,'2026-02-23 15:00:02','2026-02-23 15:00:02'),(527,30,'Топоним','',1,'2026-02-23 15:00:02','2026-02-23 15:00:02'),(528,30,'Владельцы','',2,'2026-02-23 15:00:02','2026-02-23 15:00:02'),(529,30,'Приход','',3,'2026-02-23 15:00:02','2026-02-23 15:00:02'),(530,30,'Фамилии жителей','',4,'2026-02-23 15:00:02','2026-02-23 15:00:02'),(531,30,'Административная принадлежность в разные периоды','',5,'2026-02-23 15:00:02','2026-02-23 15:00:02'),(532,30,'Численность населения в разные периоды','',6,'2026-02-23 15:00:02','2026-02-23 15:00:02'),(533,30,'Достопримечательности','',7,'2026-02-23 15:00:02','2026-02-23 15:00:02'),(534,30,'Местные жители - участники войн','',8,'2026-02-23 15:00:02','2026-02-23 15:00:02'),(535,29,'История деревни','',0,'2026-02-23 15:00:27','2026-02-23 15:00:27'),(536,29,'Топоним','',1,'2026-02-23 15:00:27','2026-02-23 15:00:27'),(537,29,'Владельцы','',2,'2026-02-23 15:00:27','2026-02-23 15:00:27'),(538,29,'Приход','',3,'2026-02-23 15:00:27','2026-02-23 15:00:27'),(539,29,'Фамилии жителей','',4,'2026-02-23 15:00:27','2026-02-23 15:00:27'),(540,29,'Административная принадлежность в разные периоды','',5,'2026-02-23 15:00:27','2026-02-23 15:00:27'),(541,29,'Численность населения в разные периоды','',6,'2026-02-23 15:00:27','2026-02-23 15:00:27'),(542,29,'Достопримечательности','',7,'2026-02-23 15:00:27','2026-02-23 15:00:27'),(543,29,'Местные жители - участники войн','',8,'2026-02-23 15:00:27','2026-02-23 15:00:27'),(544,28,'История деревни','',0,'2026-02-23 15:00:56','2026-02-23 15:00:56'),(545,28,'Топоним','',1,'2026-02-23 15:00:56','2026-02-23 15:00:56'),(546,28,'Владельцы','',2,'2026-02-23 15:00:56','2026-02-23 15:00:56'),(547,28,'Приход','',3,'2026-02-23 15:00:56','2026-02-23 15:00:56'),(548,28,'Фамилии жителей','',4,'2026-02-23 15:00:56','2026-02-23 15:00:56'),(549,28,'Административная принадлежность в разные периоды','',5,'2026-02-23 15:00:56','2026-02-23 15:00:56'),(550,28,'Численность населения в разные периоды','',6,'2026-02-23 15:00:56','2026-02-23 15:00:56'),(551,28,'Достопримечательности','',7,'2026-02-23 15:00:56','2026-02-23 15:00:56'),(552,28,'Местные жители - участники войн','',8,'2026-02-23 15:00:56','2026-02-23 15:00:56'),(553,26,'История деревни','',0,'2026-02-23 15:01:46','2026-02-23 15:01:46'),(554,26,'Топоним','',1,'2026-02-23 15:01:46','2026-02-23 15:01:46'),(555,26,'Владельцы','',2,'2026-02-23 15:01:46','2026-02-23 15:01:46'),(556,26,'Приход','',3,'2026-02-23 15:01:46','2026-02-23 15:01:46'),(557,26,'Фамилии жителей','',4,'2026-02-23 15:01:46','2026-02-23 15:01:46'),(558,26,'Административная принадлежность в разные периоды','',5,'2026-02-23 15:01:46','2026-02-23 15:01:46'),(559,26,'Численность населения в разные периоды','',6,'2026-02-23 15:01:46','2026-02-23 15:01:46'),(560,26,'Достопримечательности','',7,'2026-02-23 15:01:46','2026-02-23 15:01:46'),(561,26,'Местные жители - участники войн','',8,'2026-02-23 15:01:46','2026-02-23 15:01:46'),(562,25,'История деревни','',0,'2026-02-23 15:02:01','2026-02-23 15:02:01'),(563,25,'Топоним','',1,'2026-02-23 15:02:01','2026-02-23 15:02:01'),(564,25,'Владельцы','',2,'2026-02-23 15:02:01','2026-02-23 15:02:01'),(565,25,'Приход','',3,'2026-02-23 15:02:01','2026-02-23 15:02:01'),(566,25,'Фамилии жителей','',4,'2026-02-23 15:02:01','2026-02-23 15:02:01'),(567,25,'Административная принадлежность в разные периоды','',5,'2026-02-23 15:02:01','2026-02-23 15:02:01'),(568,25,'Численность населения в разные периоды','',6,'2026-02-23 15:02:01','2026-02-23 15:02:01'),(569,25,'Достопримечательности','',7,'2026-02-23 15:02:01','2026-02-23 15:02:01'),(570,25,'Местные жители - участники войн','',8,'2026-02-23 15:02:01','2026-02-23 15:02:01'),(571,24,'История деревни','',0,'2026-02-23 15:02:26','2026-02-23 15:02:26'),(572,24,'Топоним','',1,'2026-02-23 15:02:26','2026-02-23 15:02:26'),(573,24,'Владельцы','',2,'2026-02-23 15:02:26','2026-02-23 15:02:26'),(574,24,'Деревни, входившие в приход','',3,'2026-02-23 15:02:26','2026-02-23 15:02:26'),(575,24,'Фамилии жителей','',4,'2026-02-23 15:02:26','2026-02-23 15:02:26'),(576,24,'Административная принадлежность в разные периоды','',5,'2026-02-23 15:02:26','2026-02-23 15:02:26'),(577,24,'Численность населения в разные периоды','',6,'2026-02-23 15:02:26','2026-02-23 15:02:26'),(578,24,'Достопримечательности','',7,'2026-02-23 15:02:26','2026-02-23 15:02:26'),(579,24,'Местные жители - участники войн','',8,'2026-02-23 15:02:26','2026-02-23 15:02:26'),(580,23,'История деревни','',0,'2026-02-23 15:02:47','2026-02-23 15:02:47'),(581,23,'Топоним','',1,'2026-02-23 15:02:47','2026-02-23 15:02:47'),(582,23,'Владельцы','',2,'2026-02-23 15:02:47','2026-02-23 15:02:47'),(583,23,'Приход','',3,'2026-02-23 15:02:47','2026-02-23 15:02:47'),(584,23,'Фамилии жителей','',4,'2026-02-23 15:02:47','2026-02-23 15:02:47'),(585,23,'Административная принадлежность в разные периоды','',5,'2026-02-23 15:02:47','2026-02-23 15:02:47'),(586,23,'Численность населения в разные периоды','',6,'2026-02-23 15:02:47','2026-02-23 15:02:47'),(587,23,'Достопримечательности','',7,'2026-02-23 15:02:47','2026-02-23 15:02:47'),(588,23,'Местные жители - участники войн','',8,'2026-02-23 15:02:47','2026-02-23 15:02:47'),(589,22,'История деревни','',0,'2026-02-23 15:03:08','2026-02-23 15:03:08'),(590,22,'Топоним','',1,'2026-02-23 15:03:08','2026-02-23 15:03:08'),(591,22,'Владельцы','',2,'2026-02-23 15:03:08','2026-02-23 15:03:08'),(592,22,'Приход','',3,'2026-02-23 15:03:08','2026-02-23 15:03:08'),(593,22,'Фамилии жителей','',4,'2026-02-23 15:03:08','2026-02-23 15:03:08'),(594,22,'Административная принадлежность в разные периоды','',5,'2026-02-23 15:03:08','2026-02-23 15:03:08'),(595,22,'Численность населения в разные периоды','',6,'2026-02-23 15:03:08','2026-02-23 15:03:08'),(596,22,'Достопримечательности','',7,'2026-02-23 15:03:08','2026-02-23 15:03:08'),(597,22,'Местные жители - участники войн','',8,'2026-02-23 15:03:08','2026-02-23 15:03:08'),(598,21,'История деревни','',0,'2026-02-23 15:03:27','2026-02-23 15:03:27'),(599,21,'Топоним','',1,'2026-02-23 15:03:27','2026-02-23 15:03:27'),(600,21,'Владельцы','',2,'2026-02-23 15:03:27','2026-02-23 15:03:27'),(601,21,'Приход','',3,'2026-02-23 15:03:27','2026-02-23 15:03:27'),(602,21,'Фамилии жителей','',4,'2026-02-23 15:03:27','2026-02-23 15:03:27'),(603,21,'Административная принадлежность в разные периоды','',5,'2026-02-23 15:03:27','2026-02-23 15:03:27'),(604,21,'Численность населения в разные периоды','',6,'2026-02-23 15:03:27','2026-02-23 15:03:27'),(605,21,'Достопримечательности','',7,'2026-02-23 15:03:27','2026-02-23 15:03:27'),(606,21,'Местные жители - участники войн','',8,'2026-02-23 15:03:27','2026-02-23 15:03:27'),(607,20,'История деревни','',0,'2026-02-23 15:03:44','2026-02-23 15:03:44'),(608,20,'Топоним','',1,'2026-02-23 15:03:44','2026-02-23 15:03:44'),(609,20,'Владельцы','',2,'2026-02-23 15:03:44','2026-02-23 15:03:44'),(610,20,'Приход','',3,'2026-02-23 15:03:44','2026-02-23 15:03:44'),(611,20,'Фамилии жителей','',4,'2026-02-23 15:03:44','2026-02-23 15:03:44'),(612,20,'Административная принадлежность в разные периоды','',5,'2026-02-23 15:03:44','2026-02-23 15:03:44'),(613,20,'Численность населения в разные периоды','',6,'2026-02-23 15:03:44','2026-02-23 15:03:44'),(614,20,'Достопримечательности','',7,'2026-02-23 15:03:44','2026-02-23 15:03:44'),(615,20,'Местные жители - участники войн','',8,'2026-02-23 15:03:44','2026-02-23 15:03:44'),(616,19,'История деревни','',0,'2026-02-23 15:04:00','2026-02-23 15:04:00'),(617,19,'Топоним','',1,'2026-02-23 15:04:00','2026-02-23 15:04:00'),(618,19,'Владельцы','',2,'2026-02-23 15:04:00','2026-02-23 15:04:00'),(619,19,'Приход','',3,'2026-02-23 15:04:00','2026-02-23 15:04:00'),(620,19,'Фамилии жителей','',4,'2026-02-23 15:04:00','2026-02-23 15:04:00'),(621,19,'Административная принадлежность в разные периоды','',5,'2026-02-23 15:04:00','2026-02-23 15:04:00'),(622,19,'Численность населения в разные периоды','',6,'2026-02-23 15:04:00','2026-02-23 15:04:00'),(623,19,'Достопримечательности','',7,'2026-02-23 15:04:00','2026-02-23 15:04:00'),(624,19,'Местные жители - участники войн','',8,'2026-02-23 15:04:00','2026-02-23 15:04:00'),(625,18,'История деревни','',0,'2026-02-23 15:04:14','2026-02-23 15:04:14'),(626,18,'Топоним','',1,'2026-02-23 15:04:14','2026-02-23 15:04:14'),(627,18,'Владельцы','',2,'2026-02-23 15:04:14','2026-02-23 15:04:14'),(628,18,'Приход','',3,'2026-02-23 15:04:14','2026-02-23 15:04:14'),(629,18,'Фамилии жителей','',4,'2026-02-23 15:04:14','2026-02-23 15:04:14'),(630,18,'Административная принадлежность в разные периоды','',5,'2026-02-23 15:04:14','2026-02-23 15:04:14'),(631,18,'Численность населения в разные периоды','',6,'2026-02-23 15:04:14','2026-02-23 15:04:14'),(632,18,'Достопримечательности','',7,'2026-02-23 15:04:14','2026-02-23 15:04:14'),(633,18,'Местные жители - участники войн','',8,'2026-02-23 15:04:14','2026-02-23 15:04:14'),(634,17,'История села','',0,'2026-02-23 15:04:32','2026-02-23 15:04:32'),(635,17,'Топоним','',1,'2026-02-23 15:04:32','2026-02-23 15:04:32'),(636,17,'Владельцы','',2,'2026-02-23 15:04:32','2026-02-23 15:04:32'),(637,17,'Деревни, входившие в приход','',3,'2026-02-23 15:04:32','2026-02-23 15:04:32'),(638,17,'Фамилии жителей','',4,'2026-02-23 15:04:32','2026-02-23 15:04:32'),(639,17,'Административная принадлежность в разные периоды','',5,'2026-02-23 15:04:32','2026-02-23 15:04:32'),(640,17,'Численность населения в разные периоды','',6,'2026-02-23 15:04:32','2026-02-23 15:04:32'),(641,17,'Достопримечательности','',7,'2026-02-23 15:04:32','2026-02-23 15:04:32'),(642,17,'Местные жители - участники войн','',8,'2026-02-23 15:04:32','2026-02-23 15:04:32'),(643,15,'История деревни','',0,'2026-02-23 15:04:49','2026-02-23 15:04:49'),(644,15,'Топоним','',1,'2026-02-23 15:04:49','2026-02-23 15:04:49'),(645,15,'Владельцы','',2,'2026-02-23 15:04:49','2026-02-23 15:04:49'),(646,15,'Деревни, входившие в приход','',3,'2026-02-23 15:04:49','2026-02-23 15:04:49'),(647,15,'Фамилии жителей','',4,'2026-02-23 15:04:49','2026-02-23 15:04:49'),(648,15,'Административная принадлежность в разные периоды','',5,'2026-02-23 15:04:49','2026-02-23 15:04:49'),(649,15,'Численность населения в разные периоды','',6,'2026-02-23 15:04:49','2026-02-23 15:04:49'),(650,15,'Достопримечательности','',7,'2026-02-23 15:04:49','2026-02-23 15:04:49'),(651,15,'Местные жители - участники войн','',8,'2026-02-23 15:04:49','2026-02-23 15:04:49'),(652,14,'История села','',0,'2026-02-23 15:05:04','2026-02-23 15:05:04'),(653,14,'Топоним','',1,'2026-02-23 15:05:04','2026-02-23 15:05:04'),(654,14,'Владельцы','',2,'2026-02-23 15:05:04','2026-02-23 15:05:04'),(655,14,'Деревни, входившие в приход','',3,'2026-02-23 15:05:04','2026-02-23 15:05:04'),(656,14,'Фамилии жителей','',4,'2026-02-23 15:05:04','2026-02-23 15:05:04'),(657,14,'Административная принадлежность в разные периоды','',5,'2026-02-23 15:05:04','2026-02-23 15:05:04'),(658,14,'Численность населения в разные периоды','',6,'2026-02-23 15:05:04','2026-02-23 15:05:04'),(659,14,'Достопримечательности','',7,'2026-02-23 15:05:04','2026-02-23 15:05:04'),(660,14,'Местные жители - участники войн','',8,'2026-02-23 15:05:04','2026-02-23 15:05:04'),(661,13,'История деревни','',0,'2026-02-23 15:05:29','2026-02-23 15:05:29'),(662,13,'Топоним','',1,'2026-02-23 15:05:29','2026-02-23 15:05:29'),(663,13,'Владельцы','',2,'2026-02-23 15:05:29','2026-02-23 15:05:29'),(664,13,'Приход','',3,'2026-02-23 15:05:29','2026-02-23 15:05:29'),(665,13,'Фамилии жителей','',4,'2026-02-23 15:05:29','2026-02-23 15:05:29'),(666,13,'Административная принадлежность в разные периоды','',5,'2026-02-23 15:05:29','2026-02-23 15:05:29'),(667,13,'Численность населения в разные периоды','',6,'2026-02-23 15:05:29','2026-02-23 15:05:29'),(668,13,'Достопримечательности','',7,'2026-02-23 15:05:29','2026-02-23 15:05:29'),(669,13,'Местные жители - участники войн','',8,'2026-02-23 15:05:29','2026-02-23 15:05:29'),(679,11,'История села','',0,'2026-02-23 15:06:12','2026-02-23 15:06:12'),(680,11,'Топоним','',1,'2026-02-23 15:06:12','2026-02-23 15:06:12'),(681,11,'Владельцы','',2,'2026-02-23 15:06:12','2026-02-23 15:06:12'),(682,11,'Деревни, входившие в приход','',3,'2026-02-23 15:06:12','2026-02-23 15:06:12'),(683,11,'Фамилии жителей','',4,'2026-02-23 15:06:12','2026-02-23 15:06:12'),(684,11,'Административная принадлежность в разные периоды','',5,'2026-02-23 15:06:12','2026-02-23 15:06:12'),(685,11,'Численность населения в разные периоды','',6,'2026-02-23 15:06:12','2026-02-23 15:06:12'),(686,11,'Достопримечательности','',7,'2026-02-23 15:06:12','2026-02-23 15:06:12'),(687,11,'Местные жители - участники войн','',8,'2026-02-23 15:06:12','2026-02-23 15:06:12'),(688,10,'История деревни','',0,'2026-02-23 15:06:26','2026-02-23 15:06:26'),(689,10,'Топоним','',1,'2026-02-23 15:06:26','2026-02-23 15:06:26'),(690,10,'Владельцы','',2,'2026-02-23 15:06:26','2026-02-23 15:06:26'),(691,10,'Приход','',3,'2026-02-23 15:06:26','2026-02-23 15:06:26'),(692,10,'Фамилии жителей','',4,'2026-02-23 15:06:26','2026-02-23 15:06:26'),(693,10,'Административная принадлежность в разные периоды','',5,'2026-02-23 15:06:26','2026-02-23 15:06:26'),(694,10,'Численность населения в разные периоды','',6,'2026-02-23 15:06:26','2026-02-23 15:06:26'),(695,10,'Достопримечательности','',7,'2026-02-23 15:06:26','2026-02-23 15:06:26'),(696,10,'Местные жители - участники войн','',8,'2026-02-23 15:06:26','2026-02-23 15:06:26'),(697,9,'История деревни','',0,'2026-02-23 15:06:50','2026-02-23 15:06:50'),(698,9,'Топоним','',1,'2026-02-23 15:06:50','2026-02-23 15:06:50'),(699,9,'Владельцы','',2,'2026-02-23 15:06:50','2026-02-23 15:06:50'),(700,9,'Приход','',3,'2026-02-23 15:06:50','2026-02-23 15:06:50'),(701,9,'Фамилии жителей','',4,'2026-02-23 15:06:50','2026-02-23 15:06:50'),(702,9,'Административная принадлежность в разные периоды','',5,'2026-02-23 15:06:50','2026-02-23 15:06:50'),(703,9,'Численность населения в разные периоды','',6,'2026-02-23 15:06:50','2026-02-23 15:06:50'),(704,9,'Достопримечательности','',7,'2026-02-23 15:06:50','2026-02-23 15:06:50'),(705,9,'Местные жители - участники войн','',8,'2026-02-23 15:06:50','2026-02-23 15:06:50'),(715,7,'История деревни','',0,'2026-02-23 15:07:42','2026-02-23 15:07:42'),(716,7,'Топоним','',1,'2026-02-23 15:07:42','2026-02-23 15:07:42'),(717,7,'Владельцы','',2,'2026-02-23 15:07:42','2026-02-23 15:07:42'),(718,7,'Приход','',3,'2026-02-23 15:07:42','2026-02-23 15:07:42'),(719,7,'Фамилии жителей','',4,'2026-02-23 15:07:42','2026-02-23 15:07:42'),(720,7,'Административная принадлежность в разные периоды','',5,'2026-02-23 15:07:42','2026-02-23 15:07:42'),(721,7,'Численность населения в разные периоды','',6,'2026-02-23 15:07:42','2026-02-23 15:07:42'),(722,7,'Достопримечательности','',7,'2026-02-23 15:07:42','2026-02-23 15:07:42'),(723,7,'Местные жители - участники войн','',8,'2026-02-23 15:07:42','2026-02-23 15:07:42'),(733,5,'История деревни','',0,'2026-02-23 15:08:19','2026-02-23 15:08:19'),(734,5,'Топоним','',1,'2026-02-23 15:08:19','2026-02-23 15:08:19'),(735,5,'Владельцы','',2,'2026-02-23 15:08:19','2026-02-23 15:08:19'),(736,5,'Приход','',3,'2026-02-23 15:08:19','2026-02-23 15:08:19'),(737,5,'Фамилии жителей','',4,'2026-02-23 15:08:19','2026-02-23 15:08:19'),(738,5,'Административная принадлежность в разные периоды','',5,'2026-02-23 15:08:19','2026-02-23 15:08:19'),(739,5,'Численность населения в разные периоды','',6,'2026-02-23 15:08:19','2026-02-23 15:08:19'),(740,5,'Достопримечательности','',7,'2026-02-23 15:08:19','2026-02-23 15:08:19'),(741,5,'Местные жители - участники войн','',8,'2026-02-23 15:08:19','2026-02-23 15:08:19'),(760,2,'История деревни','',0,'2026-02-23 15:09:37','2026-02-23 15:09:37'),(761,2,'Топоним','',1,'2026-02-23 15:09:37','2026-02-23 15:09:37'),(762,2,'Владельцы','',2,'2026-02-23 15:09:37','2026-02-23 15:09:37'),(763,2,'Приход','',3,'2026-02-23 15:09:37','2026-02-23 15:09:37'),(764,2,'Фамилии жителей','',4,'2026-02-23 15:09:38','2026-02-23 15:09:38'),(765,2,'Административная принадлежность в разные периоды','',5,'2026-02-23 15:09:38','2026-02-23 15:09:38'),(766,2,'Численность населения в разные периоды','',6,'2026-02-23 15:09:38','2026-02-23 15:09:38'),(767,2,'Достопримечательности','',7,'2026-02-23 15:09:38','2026-02-23 15:09:38'),(768,2,'Местные жители - участники войн','',8,'2026-02-23 15:09:38','2026-02-23 15:09:38'),(769,34,'История деревни','',0,'2026-02-23 15:31:20','2026-02-23 15:31:20'),(770,34,'Топоним','',1,'2026-02-23 15:31:20','2026-02-23 15:31:20'),(771,34,'Владельцы','',2,'2026-02-23 15:31:20','2026-02-23 15:31:20'),(772,34,'Приход','',3,'2026-02-23 15:31:20','2026-02-23 15:31:20'),(773,34,'Фамилии жителей','',4,'2026-02-23 15:31:20','2026-02-23 15:31:20'),(774,34,'Административнаая принадлежность в разные периоды','',5,'2026-02-23 15:31:20','2026-02-23 15:31:20'),(775,34,'Численность населения в разные периоды','',6,'2026-02-23 15:31:20','2026-02-23 15:31:20'),(776,34,'Достопримечательности','',7,'2026-02-23 15:31:20','2026-02-23 15:31:20'),(777,34,'Местные жители - участники войн','',8,'2026-02-23 15:31:20','2026-02-23 15:31:20'),(778,35,'История посёлка','',0,'2026-02-23 15:39:37','2026-02-23 15:39:37'),(779,35,'Топоним','',1,'2026-02-23 15:39:37','2026-02-23 15:39:37'),(780,35,'Владельцы','',2,'2026-02-23 15:39:37','2026-02-23 15:39:37'),(781,35,'Деревни, входившие в приход','',3,'2026-02-23 15:39:37','2026-02-23 15:39:37'),(782,35,'Фамилии жителей','',4,'2026-02-23 15:39:37','2026-02-23 15:39:37'),(783,35,'Административная принадлежность в разные периоды','',5,'2026-02-23 15:39:37','2026-02-23 15:39:37'),(784,35,'Численность населения в разные периоды','',6,'2026-02-23 15:39:37','2026-02-23 15:39:37'),(785,35,'Достопримечательности','',7,'2026-02-23 15:39:37','2026-02-23 15:39:37'),(786,35,'Местные жители - участники войн','',8,'2026-02-23 15:39:37','2026-02-23 15:39:37'),(787,36,'История деревни','',0,'2026-02-23 15:53:27','2026-02-23 15:53:27'),(788,36,'Топоним','',1,'2026-02-23 15:53:27','2026-02-23 15:53:27'),(789,36,'Владельцы','',2,'2026-02-23 15:53:27','2026-02-23 15:53:27'),(790,36,'Приход','',3,'2026-02-23 15:53:27','2026-02-23 15:53:27'),(791,36,'Фамилии жителей','',4,'2026-02-23 15:53:27','2026-02-23 15:53:27'),(792,36,'Административная принадлежность в разные периоды','',5,'2026-02-23 15:53:27','2026-02-23 15:53:27'),(793,36,'Численность населения в разные периоды','',6,'2026-02-23 15:53:27','2026-02-23 15:53:27'),(794,36,'Достопримечательности','',7,'2026-02-23 15:53:27','2026-02-23 15:53:27'),(795,36,'Местные жители - участники войн','',8,'2026-02-23 15:53:27','2026-02-23 15:53:27'),(796,37,'История села','',0,'2026-02-23 19:10:27','2026-02-23 19:10:27'),(797,37,'Топоним','',1,'2026-02-23 19:10:27','2026-02-23 19:10:27'),(798,37,'Владельцы','',2,'2026-02-23 19:10:27','2026-02-23 19:10:27'),(799,37,'Деревни, входившие в приход','',3,'2026-02-23 19:10:27','2026-02-23 19:10:27'),(800,37,'Фамилии жителей','',4,'2026-02-23 19:10:27','2026-02-23 19:10:27'),(801,37,'Административная принадлежность в разные периоды','',5,'2026-02-23 19:10:27','2026-02-23 19:10:27'),(802,37,'Численность населения в разные периоды','',6,'2026-02-23 19:10:27','2026-02-23 19:10:27'),(803,37,'Достопримечательности','',7,'2026-02-23 19:10:27','2026-02-23 19:10:27'),(804,37,'Местные жители - участники войн','',8,'2026-02-23 19:10:27','2026-02-23 19:10:27'),(805,38,'История деревни','',0,'2026-02-23 19:26:27','2026-02-23 19:26:27'),(806,38,'Топоним','',1,'2026-02-23 19:26:27','2026-02-23 19:26:27'),(807,38,'Владельцы','',2,'2026-02-23 19:26:27','2026-02-23 19:26:27'),(808,38,'Деревни, входившие в приход','',3,'2026-02-23 19:26:27','2026-02-23 19:26:27'),(809,38,'Фамилии жителей','',4,'2026-02-23 19:26:27','2026-02-23 19:26:27'),(810,38,'Административная принадлежность в разные периоды','',5,'2026-02-23 19:26:27','2026-02-23 19:26:27'),(811,38,'Численность населения в разные периоды','',6,'2026-02-23 19:26:27','2026-02-23 19:26:27'),(812,38,'Достопримечательности','',7,'2026-02-23 19:26:27','2026-02-23 19:26:27'),(813,38,'Местные жители - участники войн','',8,'2026-02-23 19:26:27','2026-02-23 19:26:27'),(814,39,'История деревни','',0,'2026-02-23 19:33:16','2026-02-23 19:33:16'),(815,39,'Топоним','',1,'2026-02-23 19:33:16','2026-02-23 19:33:16'),(816,39,'Владельцы','',2,'2026-02-23 19:33:16','2026-02-23 19:33:16'),(817,39,'Приход','',3,'2026-02-23 19:33:16','2026-02-23 19:33:16'),(818,39,'Фамилии жителей','',4,'2026-02-23 19:33:16','2026-02-23 19:33:16'),(819,39,'Административная принадлежность в разные периоды','',5,'2026-02-23 19:33:17','2026-02-23 19:33:17'),(820,39,'Численность населения в разные периоды','',6,'2026-02-23 19:33:17','2026-02-23 19:33:17'),(821,39,'Достопримечательности','',7,'2026-02-23 19:33:17','2026-02-23 19:33:17'),(822,39,'Местные жители - участники войн','',8,'2026-02-23 19:33:17','2026-02-23 19:33:17'),(823,3,'История деревни','<p style=\"text-align: center;\" data-xf-p=\"1\"><strong><em><br>Когда возникла?</em></strong></p>\r\n<p style=\"text-align: justify;\" data-xf-p=\"1\"><strong><em>&nbsp; &nbsp;Деревня </em></strong><span style=\"color: rgb(0, 0, 0);\"><a style=\"color: rgb(0, 0, 0);\" href=\"https://yandex.ru/maps/geo/derevnya_kukuy/53033680/?ll=38.485983%2C54.117544&amp;z=14.18\" target=\"_blank\" rel=\"noopener\"><strong><em><u>Кукуй</u></em></strong></a></span>&nbsp;берет свое начало&nbsp;во второй половине XVII века. Сведений или источников, указывающих на точную дату возникновения деревни, нет. Тем не менее можно указать на приблизительное время рождения деревни, ссылаясь на первое документальное упоминание. Первое упоминание о деревне&nbsp;(если быть более точным - двух деревень, фигурировавших изначально под двумя разными названиями -&nbsp;<strong><em>Белколодезь</em></strong>&nbsp;и&nbsp;<strong><em>Великое Поле</em></strong>&nbsp;- но воспринимавшихся на протяжении почти всего периода своего существования как одно целое)&nbsp;относится к концу 1677 года. Основанием для этого служит&nbsp;Переписная книга 1677 г. (РГАДА...)<em>.&nbsp;</em>Деревня, по всей видимости, возникла раньше 1677 г., однако это произошло точно не ранее 1666 г. К 1666 году, согласно&nbsp;<em><strong>Писцовой и межевой книге 1663-1667 г</strong></em>., земля, где чуть позже возникнет деревня, ещё числится&nbsp;<em>Диким полем,&nbsp;</em>но находится уже во владении братьев Исленьевых,<em>&nbsp;к</em>оторые станут её первыми владельцами. Таким образом, не имея возможности определить точный год возникновения деревни, возможно указать точный период её возникновения - 1666-1677 гг., а следуя историографической традиции считать годом основания первое документальное упоминание - определять годом рождения деревни Кукуй&nbsp;<em>(обеих её частей)</em>&nbsp;1677 г.&nbsp;<em>(право- и левобережная часть упомянуты впервые именно в 1677 г.).</em>&nbsp;Однако, изучая текст&nbsp;<em><strong>Переписной книги 1677 г.</strong></em>, можно обнаружить комментарий о беглых крестьянах, бежавших годом ранее, в 1676 г., из левобережной части деревни. Бежали они, по всей видимости, из деревни, так как указывать деревенских крестьян, не проживавших в ней, не имело смысла, то есть они числились там. Получается, что к 1676 году деревня Кукуй уже существовала, а годом основания может уже считаться не 1677, а 1676 г. Соответственно, и рамки периода возникновения, стоит сократить на 1 год - с 1666 по 1676 гг. Итак, на основании представленной информации годом основания деревни Кукуй можно считать&nbsp;<strong>1676 г.</strong></p>\r\n<table style=\"border-collapse: collapse; width: 99.9977%; height: 44.7916px;\" border=\"1\"><colgroup><col style=\"width: 49.9446%;\"><col style=\"width: 49.9446%;\"></colgroup>\r\n<tbody>\r\n<tr style=\"height: 22.3958px;\">\r\n<td style=\"text-align: center; height: 22.3958px;\"><strong>Предположительный период возникновения&nbsp;</strong></td>\r\n<td style=\"height: 22.3958px; text-align: center;\"><strong>Первое документальное упоминание</strong></td>\r\n</tr>\r\n<tr style=\"height: 22.3958px;\">\r\n<td style=\"height: 22.3958px; text-align: center;\">1666-1676</td>\r\n<td style=\"height: 22.3958px; text-align: center;\">1676</td>\r\n</tr>\r\n</tbody>\r\n</table>',0,'2026-02-24 10:11:34','2026-02-24 10:11:34'),(824,3,'Топоним','<p style=\"text-align: justify;\" data-xf-p=\"1\">&nbsp; &nbsp;Современная деревня Кукуй относится к тем малым населенным пунктам, которые имели на протяжении своей истории несколько названий, которые сосуществовали какое-то время вместе либо сменяли друг друга. У каждого топонима была своя история. Обратимся к каждому из них и поробуем разобраться в возможных <em>(порой явных, а где-то гипотетических)</em>&nbsp;причинах возникновения этих топонимов.</p>\r\n<p style=\"text-align: center;\" data-xf-p=\"1\"><strong>Топоним \"Белколодезь\"</strong></p>\r\n<p style=\"text-align: justify;\" data-xf-p=\"1\">&nbsp; &nbsp;Первоначальное название левосторонней части деревни, а в дальнейшем и правобережной, объясняется фактом её возникновения на берегу одноименной <em>речки Белколодезь,&nbsp;</em>то есть речка дала название населенному пункту, что является нередким случаем и распространенной практикой&nbsp;<em>(обратный вариант исключен, поскольку речка Белколодезь упоминается ещё в Писцовой книге 1571-1572 гг.)</em>. Сама речка берет своё начало за деревней, немного восточнее. Получается, что современная деревня Кукуй стоит практический на месте её истока, там, где она начинает расширяться и становится более полноводной. Так что с этой точки зрения выбор названия вяглядит вполне логичным&nbsp;<em>(кстати, дальше по течению, в более полноводном месте расположено деревня (бывшее село) с тем же названием&nbsp;</em><a href=\"https://xn----dtbfea2bmcv0mh.xn--p1ai/index.php?threads/%D0%91%D0%B5%D0%BB%D0%BA%D0%BE%D0%BB%D0%BE%D0%B4%D0%B5%D0%B7%D1%8C.37/\" target=\"_blank\" rel=\"noopener\"><strong><em><u>Белколодезь</u></em></strong></a><em>, наименование которой подарила та же речка)</em>.</p>\r\n<p style=\"text-align: center;\" data-xf-p=\"1\"><strong>Топоним \"Великое Поле\"</strong></p>\r\n<p style=\"text-align: justify;\" data-xf-p=\"1\">&nbsp; &nbsp;Первоначальное название правобережной части, примыкающей к речке Белколодезь - <em><strong>Великое Поле</strong></em>. Такое название&nbsp;<em>(при остутствии документального подтверждения)&nbsp;</em>не кажется сложным для интерпретации, особенно если кому-то доводилось бывать в этом месте. Кукуй исторически возник у воды, но в открытой степной местности. Это сегодня отдельные лесополосы (посадки) - наследие советских времен - до островки зелени на территории деревни дополняют пейзаж, а раньше со всех сторон был окружен, по сути, полями или одним большим полем, разделённым речкой (правда, и сегодня местный ландшафт не претерпел серьёзных изменений). Слово&nbsp;<em>\"великое\"&nbsp;</em>указывает, по все видимости, не на его значимость, величие, а на размеры. Великое - значит большое. Получается, что в современном варианте оно звучало как&nbsp;<em><strong>Большое Поле</strong></em>.</p>\r\n<p style=\"text-align: justify;\" data-xf-p=\"1\"><strong><em>Таким образом, у деревни Кукуй было два варианта названия, которые могли претендовать на основное. Основным к 1730-м гг. становится топоним Белколодезь (то есть расположение у истоков речки, видимо, было более важным), название Великое Поле к концу XVIII в. перестает встречаться в документах (скорее всего, оно в обиходе использовалось не часто, а возможно, не использовалось вовсе). Жизнестойким оказался третий топоним, появившийся в 1770-80 гг. Его происхождение вызывает больше всего вопросов.</em></strong></p>\r\n<p style=\"text-align: center;\" data-xf-p=\"1\"><strong>Топоним \"Кукуй\"</strong></p>\r\n<p style=\"text-align: center;\" data-xf-p=\"1\"><strong>1 версия (научная)</strong></p>\r\n<p style=\"text-align: justify;\" data-xf-p=\"1\">&nbsp; &nbsp;Слово <em>\"кукуй\"</em>&nbsp;(или&nbsp;<em>\"кокуй\"</em>) имеет несколько версий происхождения и трактовок значений.</p>\r\n<p style=\"text-align: justify;\" data-xf-p=\"1\">1) Согласно первой версии слово имеет финно-угорское происхождение, где означает&nbsp;<em>конусовидную вершину</em>,&nbsp;<em>сторожевой костер</em>,&nbsp;<em>горку</em>,&nbsp;<em>холм</em>&nbsp;или&nbsp;<em>возвышение</em>.</p>\r\n<p style=\"text-align: justify;\" data-xf-p=\"1\">2) По другой версии слово&nbsp;<em>\"кукуй\"&nbsp;</em>объясняется диалектным географическим термином, обозначающим&nbsp;<em>островок</em>,&nbsp;<em>рощицу</em>&nbsp;среди поля.</p>\r\n<p style=\"text-align: justify;\" data-xf-p=\"1\">3)&nbsp;<em>Кукуем</em>&nbsp;(или&nbsp;<em>кокуем</em>) назывался и головной убор (кокошник) крестьянских девушек. Кокошник, по сути, представляет предмет, возвышающийся над головой.</p>\r\n<p style=\"text-align: justify;\" data-xf-p=\"1\">&nbsp; &nbsp;Если объединить три трактовки значения, можно увидеть между ними одну общность, закономерность <em>(даже версия с головным убором, хотя именно этот вариант кажется менее подходящим)</em>. Слово \"кукуй\" во всех версиях обозначает нечто, располагающееся или же некая рошица среди поля.</p>\r\n<p style=\"text-align: justify;\" data-xf-p=\"1\">&nbsp; &nbsp;Если посмотреть на особенности ландшафта, где располагается деревня, то можно обратить внимание на следующую особенность: она находится на относительной возвышенности и хорошо заметна, причем на сегодняшний день издалека деревня кажется вполне заметной опушкой, а в те далекие времена, когда растительности иной, кроме той, что могла произрастать у домов, не было, она тоже хорошо просматривалась. Таким образом, происхождение третьего, более позднего названия, объясняется особенностью её расположения <em>(на возвышении)</em>&nbsp;и тем, что она выделялась на фоне степного пейзажа, хорошо проглядывалась со всех сторон. Возможно, ко второй половине XVIII века, когда начинает встречаться название Кукуй, этот фактор становится определяющим для появления такого названия. На основании этого можно сформулировать научное и вполне правдоподобное обоснование топонима Кукуй:&nbsp;<em><strong>кукуй - рощица, возвышение в поле.</strong></em></p>\r\n<p style=\"text-align: center;\" data-xf-p=\"1\"><strong>2 версия (околонаучная, псевдонаучная)</strong></p>\r\n<p style=\"text-align: justify;\" data-xf-p=\"1\">&nbsp; &nbsp;Другая версия, околонаучная, в какой-то степени основывается на одном из исходных значений слова \"кукуй\" и связана со значением <em>\"сторожевой костер\"</em>. Существует версия, что название Кукуй отсылает к особой роли этого места, предназначенного оповещать о приближении врага с помощью огня - зажжённого костра. Косвенным подтврждением этого факта может служит наличие нескольких деревень с тем же названием на относительно небольшом расстоянии друг от друга, находящихся на границах современных соседних районов и областей (например, Кукуй в Михайловском районе Рязанской области, Кукуй в Венёвском муниципальном округе Тульской области). По этой версии предполагается, что при приближении врага зажигался костер (или некая конструкция), который подавал сигнал оповещения, передававшийся по принципу цепной реакции. То есть населенные пункты \"перекликались\" между собой -&nbsp;<em>куковали</em>. Получается, что деревни или поселения, которым могла отводиться такая роль, стали носит название Кукуй.&nbsp;</p>\r\n<p style=\"text-align: justify;\" data-xf-p=\"1\">&nbsp; &nbsp;Версия интересная и, вполне возможно, жизнеспособная. Но в случае в вышеуказанным Кукуем <em>(и даже теми, что находятся рядом)&nbsp;</em>это версия не подтверждается имеющимися документами. В первую очередь, если отталкиваться от этой версии, то населённые пункты изначально должны были именоваться Кукуем&nbsp;<em>(а не получить это название в более поздний период)</em>. Против этой версии выступает также история этого края: деревня возникает в 1666-1676 гг., в период, когда набеги крымских татар на венёвские земли&nbsp;<em>(последний набег датирован 1632 г.)</em>, новая&nbsp;<em>засечная черта</em>&nbsp;перенесена к Сумам, Белкгороду, Харькову. И оборонительная функция близлежащих городов&nbsp;<em>(Дедилов, Венёв, Гремячий, Михайлов)</em>&nbsp;стала не столь актуальной, не говоря уже о деревнях. К тому же необходимо понимать, что если Кукуй был&nbsp;<em>сторожевой</em>&nbsp;деревней, то заселятся она должна была служилыми людьми, а не подневольными крестьянами.</p>\r\n<p style=\"text-align: center;\" data-xf-p=\"1\"><strong>3 версия (легендарная)</strong></p>\r\n<p style=\"text-align: justify;\" data-xf-p=\"1\">&nbsp; &nbsp;Существует и третья версия, которую можно с полной уверенностью назвать <em>легендарной</em>. Такую версию приходилось слышать от старожилов. Слово \"кукуй\" в этой легенде никак не связано с этимологией слова и является не существительным, а глаголом в повелительном наклонении - кукуй. При этом значение этого слова, как и легенда, отталкивается именно от значения глагола. По легенде, первыми поселенцами были програнные в карты крестьяне, которых ссылал в эти (опять же согласно легенде) не очень пригодные (из-за обилия влаги? открытого пространства?) места барин. Ссыльных крестьян отправляли \"куковать\", то есть маяться, мучиться. Не совсем ясным представляется, кто ссылал: проигравший или выигравший барин. Если выигравший, то тогда получается, что он заселял необжитые места. Если проигравший, то тогда получается странная история. Проигрывал себе? Может быть, играя на своих крестьян, барин таким образом определял, кому переселиться на новые, незаселенные, принадлежащие ему земли? Как бы там ни было, но всё это, видимо, далеко от истины. Легенда не может быть связана с периодом заселения, поскольку во второй половине XVII века в Русском государстве дворяне и представители высших сословий вряд ли имели привычку играть в карты&nbsp;<em>(к тому же Соборное Уложение 1649 г. трактует игру в карты как \"разбойные и татиные дела\", за которое предусматривалось жёсткое физическое наказание - \"бить батогами нещадно\" - и даже рубить руки и пальцы).&nbsp;</em>Вполне возможно, имел место какой-то частный случай в более поздний период существования деревни, который и лег в основу легенды. Место хоть и открытое, но назвать его малопригодным не получается. Другое дело, если ты приезжаешь на новое, вовсе не обжитое место. В любом случае легенда примечательна не исторической правдоподобностью, а самим фактом бытования среди местных жителей, что само по себе достойно сохранения.</p>\r\n<p style=\"text-align: center;\" data-xf-p=\"1\"><strong>Топоним \"Юсуповка\"</strong></p>\r\n<p style=\"text-align: justify;\" data-xf-p=\"1\">&nbsp; &nbsp;Ещё одно название, правда, неофициальное, имела правобережная часть деревни Кукуй - Юсуповка. Этимология этого топонима понятна: почти ДВА столетия, с 1720-30-х гг. до 1917 г., этой частью деревни владели знаменитые князья Юсуповы.</p>',1,'2026-02-24 10:11:34','2026-02-24 10:11:34'),(825,3,'Владельцы','',2,'2026-02-24 10:11:34','2026-02-24 10:11:34'),(826,3,'Приход','<p style=\"text-align: justify;\" data-xf-p=\"1\">&nbsp; &nbsp; С момента своего возникновения и вплоть до 1917 г. <em>(а фактически до 1920 года, так как сохранились метрические книги за 1918, 1919 и 1920 гг.)</em>&nbsp;деревня Кукуй была частью прихода&nbsp;<em><strong>села Холтбино</strong></em>. Вызвано это было относительной близостью и тем, что владельцами села Холтобино в период возникновения Кукуя были тоже&nbsp;<em>братья-стольники</em> <strong>Иван Иванович Исленьев</strong> и <strong>Данила Иванович Исленьев</strong>.&nbsp;Если в Переписи 1677 г. подтверждения на принадлежность Кукуя к приходу нет, то в первой петровской переписи 1710 г. и в более поздних документах (<em>Переписях, Ревизских сказках, Метрических книгах, Исповедных росписях</em>) это прописано и является историческим фактом. Если брать во внимание тот факт, что Холтобино как село упоминается уже в 1667 году, то, учитывая факт общего владения, можно предположить, что деревня Белколодезь сразу, с момента возникновения, могла относиться к приходу села Холтобино.</p>',3,'2026-02-24 10:11:34','2026-02-24 10:11:34'),(827,3,'Фамилии жителей','<p style=\"text-align: justify;\" data-xf-p=\"1\">&nbsp; &nbsp;Обращаясь к <em><strong>Переписной книге 1677 г.</strong>,&nbsp;</em>мы увидим, что жители левобережья - деревни Белколодезь - не имели фамилий&nbsp;<em>(случай типичный и распространенный для того времени: помещичьи крестьяне, будучи крепостными и даже временнообязанными, не имели фамилий; такая ситуация сохранялась вплоть до конца XIX - начала XX вв.)</em><strong>,&nbsp;</strong>а вот часть жителей правобережья - деревни Великое Поле - указаны с фамилиями&nbsp;<em>(некоторые крепостные могли иметь фамилии ещё задолго до отмены крепостного права, но процент таковых был крайне мал)</em><strong>.&nbsp;</strong>Так, в документе упомянуты 5 человек со следующими фамилиями:&nbsp;<em><strong>Вешняков, Богомолов, Неустроев, Пахомов, Улитин</strong></em><strong>.&nbsp;</strong>Получается, что эти фамилии являются первыми, самыми \"старыми\" кукуйскими фамилиями. Однако к началу XVIII века в&nbsp;<em><strong>Переписных книгах 1710, 1715 гг.</strong></em>&nbsp;(РГАДА...) и&nbsp;<em><strong>Ревизских сказках 1719, 1720, 1722-26 гг.</strong></em>&nbsp;(РГАДА...) они уже не встречаются, то есть \"исчезли\"&nbsp;<em>(несмотря на то, что некоторые помещичьи крестьяне могли иметь фамилии или прозвища, но спустя непродолжительное время у крепостных, как правило, эти фамилии не сохранялись и поэтому не передавались детям и внукам; более того, спустя столетие, а то и два, их потомки обретали новые, автономные фамилии, ничем и никак не связанные с фамилией предков)</em>.</p>\r\n<p style=\"text-align: justify;\" data-xf-p=\"1\">&nbsp; &nbsp;Жители деревни Кукуй стали массово приобретать фамилии только к 1880-м годам, когда становились крестьянами-собственниками. Фамилия <strong>Сахаров</strong>&nbsp;встречается одной из первых в пореформенный период. К началу XX века в деревне Кукуй, согласно Исповедной росписи 1917 г. (ГАТО, ф. 3, оп. 16, д. 167), указаны местные жители со следующими фамилиями:&nbsp;<em><strong>Абызовы, Алексеевы, Бабковы, Балдовы, Брюсовы, Горячевы, Жильцовы, Зотовы, Исаевы, Кармановы, Козычкины, Назаровы, Новиковы, Потаповы, Пирожковы, Рябовы, Сахаровы, Сёмочкины, Фокины, Фоменковы, Хлебниковы, Цыгановы, Чубаровы, Чулюковы</strong></em>.</p>\r\n<p style=\"text-align: justify;\" data-xf-p=\"1\"><em><strong>&nbsp; &nbsp;Абызовы, Фоменковы</strong></em>&nbsp;- выходцы из&nbsp;<em><strong>деревни Высокое,</strong></em>&nbsp;но фамилии приобрели, уже проживая в Кукуе.</p>',4,'2026-02-24 10:11:34','2026-02-24 10:11:34'),(828,3,'Административная принадлежность в разные периоды','',5,'2026-02-24 10:11:34','2026-02-24 10:11:34'),(829,3,'Численность населения в разные периоды','<h4>&nbsp;</h4>',6,'2026-02-24 10:11:34','2026-02-24 10:11:34'),(830,3,'Достопримечательности','',7,'2026-02-24 10:11:34','2026-02-24 10:11:34'),(831,3,'Местные жители - участники войн','',8,'2026-02-24 10:11:34','2026-02-24 10:11:34'),(832,40,'История деревни','',0,'2026-02-24 17:27:19','2026-02-24 17:27:19'),(833,40,'Топоним','',1,'2026-02-24 17:27:19','2026-02-24 17:27:19'),(834,40,'Владельцы','',2,'2026-02-24 17:27:19','2026-02-24 17:27:19'),(835,40,'Приход','',3,'2026-02-24 17:27:19','2026-02-24 17:27:19'),(836,40,'Фамилии жителей','',4,'2026-02-24 17:27:19','2026-02-24 17:27:19'),(837,40,'Административная принадлежность в разные периоды','',5,'2026-02-24 17:27:19','2026-02-24 17:27:19'),(838,40,'Численность населения в разные периоды','',6,'2026-02-24 17:27:19','2026-02-24 17:27:19'),(839,40,'Достопримечательности','',7,'2026-02-24 17:27:19','2026-02-24 17:27:19'),(840,40,'Местные жители - участники войн','',8,'2026-02-24 17:27:19','2026-02-24 17:27:19'),(841,41,'История деревни','',0,'2026-02-25 20:16:13','2026-02-25 20:16:13'),(842,41,'Топоним','',1,'2026-02-25 20:16:13','2026-02-25 20:16:13'),(843,41,'Владельцы','',2,'2026-02-25 20:16:13','2026-02-25 20:16:13'),(844,41,'Приход','',3,'2026-02-25 20:16:13','2026-02-25 20:16:13'),(845,41,'Фамилии жителей','',4,'2026-02-25 20:16:13','2026-02-25 20:16:13'),(846,41,'Административная принадлежность в разные периоды','',5,'2026-02-25 20:16:13','2026-02-25 20:16:13'),(847,41,'Численность населения в разные периоды','',6,'2026-02-25 20:16:13','2026-02-25 20:16:13'),(848,41,'Достопримечательности','',7,'2026-02-25 20:16:13','2026-02-25 20:16:13'),(849,41,'Местные жители - участники войн','',8,'2026-02-25 20:16:13','2026-02-25 20:16:13'),(850,42,'История деревни','',0,'2026-02-25 20:24:13','2026-02-25 20:24:13'),(851,42,'Топоним','',1,'2026-02-25 20:24:13','2026-02-25 20:24:13'),(852,42,'Владельцы','',2,'2026-02-25 20:24:13','2026-02-25 20:24:13'),(853,42,'Приход','',3,'2026-02-25 20:24:13','2026-02-25 20:24:13'),(854,42,'Административная принадлежность в разные периоды','',4,'2026-02-25 20:24:13','2026-02-25 20:24:13'),(855,42,'Численность населения в разные периоды','',5,'2026-02-25 20:24:13','2026-02-25 20:24:13'),(856,42,'Достопримечательности','',6,'2026-02-25 20:24:13','2026-02-25 20:24:13'),(857,42,'Местные жители - участники войн','',7,'2026-02-25 20:24:13','2026-02-25 20:24:13'),(858,43,'История деревни','',0,'2026-02-27 20:18:16','2026-02-27 20:18:16'),(859,43,'Топоним','',1,'2026-02-27 20:18:16','2026-02-27 20:18:16'),(860,43,'Владельцы','',2,'2026-02-27 20:18:16','2026-02-27 20:18:16'),(861,43,'Приход','',3,'2026-02-27 20:18:16','2026-02-27 20:18:16'),(862,43,'Фамилии жителей','',4,'2026-02-27 20:18:16','2026-02-27 20:18:16'),(863,43,'Административная принадлежность в разные периоды','',5,'2026-02-27 20:18:16','2026-02-27 20:18:16'),(864,43,'Численность населения в разные периоды','',6,'2026-02-27 20:18:16','2026-02-27 20:18:16'),(865,43,'Достопримечательности','',7,'2026-02-27 20:18:16','2026-02-27 20:18:16'),(866,43,'Местные жители - участники войн','',8,'2026-02-27 20:18:16','2026-02-27 20:18:16'),(867,44,'История деревни','',0,'2026-02-28 06:29:39','2026-02-28 06:29:39'),(868,44,'Топоним','',1,'2026-02-28 06:29:39','2026-02-28 06:29:39'),(869,44,'Владельцы','',2,'2026-02-28 06:29:39','2026-02-28 06:29:39'),(870,44,'Деревни, входившие в приход','',3,'2026-02-28 06:29:39','2026-02-28 06:29:39'),(871,44,'Фамилии жителей','',4,'2026-02-28 06:29:39','2026-02-28 06:29:39'),(872,44,'Административная принадлежность в разные периоды','',5,'2026-02-28 06:29:39','2026-02-28 06:29:39'),(873,44,'Численность населения в разные периоды','',6,'2026-02-28 06:29:39','2026-02-28 06:29:39'),(874,44,'Достопримечательности','',7,'2026-02-28 06:29:39','2026-02-28 06:29:39'),(875,44,'Местные жители - участники войн','',8,'2026-02-28 06:29:39','2026-02-28 06:29:39'),(876,12,'История деревни','',0,'2026-02-28 06:30:02','2026-02-28 06:30:02'),(877,12,'Топоним','',1,'2026-02-28 06:30:02','2026-02-28 06:30:02'),(878,12,'Владельцы','',2,'2026-02-28 06:30:02','2026-02-28 06:30:02'),(879,12,'Приход','',3,'2026-02-28 06:30:02','2026-02-28 06:30:02'),(880,12,'Фамилии жителей','',4,'2026-02-28 06:30:02','2026-02-28 06:30:02'),(881,12,'Административная принадлежность в разные периоды','',5,'2026-02-28 06:30:02','2026-02-28 06:30:02'),(882,12,'Численность населения в разные периоды','',6,'2026-02-28 06:30:02','2026-02-28 06:30:02'),(883,12,'Достпримечательности','',7,'2026-02-28 06:30:02','2026-02-28 06:30:02'),(884,12,'Местные жители - участники войн','',8,'2026-02-28 06:30:02','2026-02-28 06:30:02'),(885,8,'История села','<h3 style=\"text-align: center;\"><em><strong>Когда возникло?</strong></em>​</h3>\r\n<p style=\"text-align: justify;\">Современное&nbsp;<strong><em>село Бороздино</em></strong>, как и большинство соседних деревень сел, относившихся когда-то к&nbsp;<strong><em><u>Есенецкому стану</u></em></strong>, берет свое начало в XVII веке. Точных сведений, когда на этом месте появились первые постройки и жители, нет, но можно установить приблизительное время возникновения, используя сохранившиеся документальные источники. Впервые село Бороздино упоминается в&nbsp;<em>Переписной книге 1663-1667 гг.</em>&nbsp;под названием&nbsp;<em><strong>Чусовка</strong></em>, будучи деревней как владение стольника&nbsp;<strong><em><u>Андрея Михайловича Борисова-Бороздина</u></em></strong>, причем заверено это владение за ним дважды &ndash; в 1663 г.&nbsp;<em>(писцом Андреяном Анисимовым)</em>&nbsp;и 1666 г.&nbsp;<em>(писцом Степаном Венедиктовым)</em>. На основании этих сведений можно говорить о том, что к 1663 году будущее село Бороздино существовало и могло возникнуть раньше. В более ранней сохранившейся Переписной книге 1646 года о деревнях Есенецкого стана Веневского уезда информация представлена крайне скудно: не указана ни одна деревня, а крестьянские и бобыльские дворы в них пустовали. Существует&nbsp;<em>Писцовая книга 1627 г.</em>, но там деревня Чусовка не встречается. Нет упоминания о ней и в самой ранней по Есенецкому стану&nbsp;<em>Писцовой книге 1571-1572 гг</em>. Поэтому, анализируя имеющуюся информацию, мы можем прийти к следующему выводу: село Бороздино могло возникнуть между 1627 и 1663 гг. Однако условный период возникновения деревни может быть сужен, если обратить внимание на первоначальный состав жителей тогда еще деревни Чусовка. Дело в том, что они были преимущественно &laquo;литовского полону&raquo;, то есть были перевезены с территории западнорусских или белорусских земель, входивших в Великое княжество Литовское в составе Речи Посполитой. Произошло это, по всей видимости, в ходе Русско-польской войны 1654-1667 гг. Получается, что деревня могла возникнуть в период между 1654 и 1663 гг. Но подтвердить это документально не получится. Таким образом, учитывая имеющиеся документальные факты и следуя историографической традиции, мы можем считать годом основания села &ndash; год первого упоминания, то есть&nbsp;<strong><em>1663 г.</em></strong></p>\r\n<table style=\"border-collapse: collapse; width: 99.9982%;\" border=\"1\"><colgroup><col style=\"width: 49.9555%;\"><col style=\"width: 49.9555%;\"></colgroup>\r\n<tbody>\r\n<tr>\r\n<td style=\"text-align: center;\"><strong>Предположительный период возникновения</strong></td>\r\n<td style=\"text-align: center;\"><strong>Первое документальное упоминание</strong></td>\r\n</tr>\r\n<tr>\r\n<td style=\"text-align: center;\">1654-1663</td>\r\n<td style=\"text-align: center;\">1663</td>\r\n</tr>\r\n</tbody>\r\n</table>',0,'2026-02-28 19:59:46','2026-02-28 19:59:46'),(886,8,'Топоним','<pre>&nbsp;</pre>',1,'2026-02-28 19:59:46','2026-02-28 19:59:46'),(887,8,'Владельцы','',2,'2026-02-28 19:59:46','2026-02-28 19:59:46'),(888,8,'Деревни, входившие в приход','',3,'2026-02-28 19:59:46','2026-02-28 19:59:46'),(889,8,'Фамилии жителей','',4,'2026-02-28 19:59:46','2026-02-28 19:59:46'),(890,8,'Административная принадлежность в разные периоды','',5,'2026-02-28 19:59:46','2026-02-28 19:59:46'),(891,8,'Численность населения в разные периоды','',6,'2026-02-28 19:59:46','2026-02-28 19:59:46'),(892,8,'Достопримечательности','',7,'2026-02-28 19:59:46','2026-02-28 19:59:46'),(893,8,'Местные жители - участники войн','',8,'2026-02-28 19:59:46','2026-02-28 19:59:46'),(912,45,'История села','',0,'2026-03-04 12:48:04','2026-03-04 12:48:04'),(913,45,'Топоним','',1,'2026-03-04 12:48:04','2026-03-04 12:48:04'),(914,45,'Владельцы','',2,'2026-03-04 12:48:04','2026-03-04 12:48:04'),(915,45,'Деревни, входившие в приход','',3,'2026-03-04 12:48:04','2026-03-04 12:48:04'),(916,45,'Фамилии жителей','',4,'2026-03-04 12:48:04','2026-03-04 12:48:04'),(917,45,'Административная принадлежность в разные периоды','',5,'2026-03-04 12:48:04','2026-03-04 12:48:04'),(918,45,'Численность населения в разные периоды','',6,'2026-03-04 12:48:04','2026-03-04 12:48:04'),(919,45,'Достопримечательности','',7,'2026-03-04 12:48:04','2026-03-04 12:48:04'),(920,45,'Местные жители - участники войн','',8,'2026-03-04 12:48:04','2026-03-04 12:48:04'),(921,46,'История села','',0,'2026-03-04 12:56:33','2026-03-04 12:56:33'),(922,46,'Топоним','',1,'2026-03-04 12:56:33','2026-03-04 12:56:33'),(923,46,'Владельцы','',2,'2026-03-04 12:56:33','2026-03-04 12:56:33'),(924,46,'Приход','',3,'2026-03-04 12:56:33','2026-03-04 12:56:33'),(925,46,'Фамилии жителей','',4,'2026-03-04 12:56:33','2026-03-04 12:56:33'),(926,46,'Административная принадлежность в разные периоды','',5,'2026-03-04 12:56:33','2026-03-04 12:56:33'),(927,46,'Численность населения в разные периоды','',6,'2026-03-04 12:56:33','2026-03-04 12:56:33'),(928,46,'Достопримечательности','',7,'2026-03-04 12:56:33','2026-03-04 12:56:33'),(929,46,'Местные жители - участники войн','',8,'2026-03-04 12:56:33','2026-03-04 12:56:33'),(930,47,'История деревни','',0,'2026-03-07 07:01:15','2026-03-07 07:01:15'),(931,47,'Топоним','',1,'2026-03-07 07:01:15','2026-03-07 07:01:15'),(932,47,'Владельцы','',2,'2026-03-07 07:01:15','2026-03-07 07:01:15'),(933,47,'Деревни, входившие в приход','',3,'2026-03-07 07:01:15','2026-03-07 07:01:15'),(934,47,'Фамилии жителей','',4,'2026-03-07 07:01:15','2026-03-07 07:01:15'),(935,47,'Административная принадлежность в разные периоды','',5,'2026-03-07 07:01:15','2026-03-07 07:01:15'),(936,47,'Численность населения в разные периоды','',6,'2026-03-07 07:01:15','2026-03-07 07:01:15'),(937,47,'Достопримечательности','',7,'2026-03-07 07:01:15','2026-03-07 07:01:15'),(938,47,'Местные жители - участники войн','',8,'2026-03-07 07:01:15','2026-03-07 07:01:15'),(975,6,'История деревни','<h3 style=\"text-align: center;\" data-xf-p=\"1\"><strong>Когда возникла?</strong></h3>\r\n<p style=\"text-align: justify;\" data-xf-p=\"1\"><em><strong>&nbsp; &nbsp;Деревню <u>Хлопово</u></strong></em>&nbsp;можно отнести к самым ранним, старинным деревням&nbsp;<u><em><strong>Есенецкого стана</strong></em></u>&nbsp;<u><strong><em>Венёвского уезда</em></strong></u>. Впервые она упоминается в Писцовой книге 1571-1572 гг. как деревня Прудки &laquo;под Вонючим кремъ, на Ржавце&raquo; под присмотром &laquo;по государеву указу&raquo; за&nbsp;<u><em><strong>Василием Васильевичем Хрущовым</strong></em></u>. Деревня указана среди прочих деревень без привязки к стану, что не дает полной уверенности утверждать, что это именно она. Однако, во-первых, представленный перечень деревень охватывает территорию Есенецкого стана до границы уезда, реки Пронь, во-вторых, это косвенно подтверждает&nbsp;<em>Переписная книга 1663-1667 гг.</em>, где деревня Прудки&nbsp;<em>&laquo;на ручье на Ржавце&raquo;</em>&nbsp;представлена как место&nbsp;<em>&laquo;что была пустошь Прутки&raquo;</em>&nbsp;во владении стольника&nbsp;<u><strong><em>Василия Васильева сына Засецкого</em></strong></u>, то есть как некогда заселенное место, которое в результате определенных причин (частые набеги крымских татар, Смутное время) пустовало какое-то время; в-третьих, совпадает топоним с указанием речки, различие же в правописании букв д-т (Прудки / Прутки) не должно быть серьезной помехой, поскольку в те и даже более поздние времена не существовало строгих орфографических правил. Согласно <em>Переписной книге 1646 г.</em>&nbsp;деревня пустовала&nbsp;<em>(оставалась пустошью)</em>, так как в этом документе указано, что все крестьянские и бобыльские дворы Есенецкого стана пусты. Вновь заселилась деревня в период между 1646 и 1665 гг., когда упоминается как существующая, заселенная деревня. Таким образом, следуя историографической традиции, годом первого упоминания может считаться <strong><em>1572 г.</em></strong></p>\r\n<table style=\"border-collapse: collapse; width: 99.9798%; height: 89.6296px;\" border=\"1\"><colgroup><col style=\"width: 33.3333%;\"><col style=\"width: 33.3333%;\"><col style=\"width: 33.3333%;\"></colgroup>\r\n<tbody>\r\n<tr style=\"height: 67.2222px;\">\r\n<td style=\"text-align: center; height: 67.2222px;\"><strong>Предположительный период возникновения</strong></td>\r\n<td style=\"text-align: center; height: 67.2222px;\"><strong>Первое документальное упоминание</strong></td>\r\n<td style=\"text-align: center; height: 67.2222px;\"><strong>Предположительный период повторного заселения</strong></td>\r\n</tr>\r\n<tr style=\"height: 22.4074px;\">\r\n<td style=\"text-align: center; height: 22.4074px;\">ранее 1572 г.</td>\r\n<td style=\"text-align: center; height: 22.4074px;\">1572</td>\r\n<td style=\"text-align: center; height: 22.4074px;\">1646-1665</td>\r\n</tr>\r\n</tbody>\r\n</table>',0,'2026-03-07 19:17:43','2026-03-07 19:17:43'),(976,6,'Топоним','',1,'2026-03-07 19:17:43','2026-03-07 19:17:43'),(977,6,'Владельцы','',2,'2026-03-07 19:17:43','2026-03-07 19:17:43'),(978,6,'Приход','',3,'2026-03-07 19:17:43','2026-03-07 19:17:43'),(979,6,'Фамилии жителей','',4,'2026-03-07 19:17:43','2026-03-07 19:17:43'),(980,6,'Административная принадлежность в разные периоды','',5,'2026-03-07 19:17:43','2026-03-07 19:17:43'),(981,6,'Численность населения в разные периоды','',6,'2026-03-07 19:17:43','2026-03-07 19:17:43'),(982,6,'Достопримечательности','',7,'2026-03-07 19:17:43','2026-03-07 19:17:43'),(983,6,'Местные жители - участники войн','',8,'2026-03-07 19:17:43','2026-03-07 19:17:43'),(993,48,'История деревни','',0,'2026-03-08 11:41:04','2026-03-08 11:41:04'),(994,48,'Топоним','',1,'2026-03-08 11:41:04','2026-03-08 11:41:04'),(995,48,'Владельцы','',2,'2026-03-08 11:41:04','2026-03-08 11:41:04'),(996,48,'Приход','',3,'2026-03-08 11:41:04','2026-03-08 11:41:04'),(997,48,'Фамилии жителей','',4,'2026-03-08 11:41:04','2026-03-08 11:41:04'),(998,48,'Административная принадлежность в разные периоды','',5,'2026-03-08 11:41:04','2026-03-08 11:41:04'),(999,48,'Численность населения в разные периоды','',6,'2026-03-08 11:41:04','2026-03-08 11:41:04'),(1000,48,'Достопримечательности','',7,'2026-03-08 11:41:04','2026-03-08 11:41:04'),(1001,48,'Местные жители - участники войн','',8,'2026-03-08 11:41:04','2026-03-08 11:41:04'),(1011,49,'История деревни','',0,'2026-03-08 14:53:27','2026-03-08 14:53:27'),(1012,49,'Топоним','',1,'2026-03-08 14:53:27','2026-03-08 14:53:27'),(1013,49,'Владельцы','',2,'2026-03-08 14:53:27','2026-03-08 14:53:27'),(1014,49,'Приход','',3,'2026-03-08 14:53:27','2026-03-08 14:53:27'),(1015,49,'Фамилии жителей','',4,'2026-03-08 14:53:27','2026-03-08 14:53:27'),(1016,49,'Административная принадлежность в разные периоды','',5,'2026-03-08 14:53:27','2026-03-08 14:53:27'),(1017,49,'Численность населения в разные периоды','',6,'2026-03-08 14:53:27','2026-03-08 14:53:27'),(1018,49,'Достопримечательности','',7,'2026-03-08 14:53:27','2026-03-08 14:53:27'),(1019,49,'Местные жители - участники войн','',8,'2026-03-08 14:53:27','2026-03-08 14:53:27'),(1020,50,'История деревни','',0,'2026-03-08 15:01:19','2026-03-08 15:01:19'),(1021,50,'Топоним','',1,'2026-03-08 15:01:19','2026-03-08 15:01:19'),(1022,50,'Владельцы','',2,'2026-03-08 15:01:19','2026-03-08 15:01:19'),(1023,50,'Деревни, входившие в приход','',3,'2026-03-08 15:01:19','2026-03-08 15:01:19'),(1024,50,'Фамилии жителей','',4,'2026-03-08 15:01:19','2026-03-08 15:01:19'),(1025,50,'Административная принадлежность в разные периоды','',5,'2026-03-08 15:01:19','2026-03-08 15:01:19'),(1026,50,'Численность населения в разные периоды','',6,'2026-03-08 15:01:19','2026-03-08 15:01:19'),(1027,50,'Достропримечательности','',7,'2026-03-08 15:01:19','2026-03-08 15:01:19'),(1028,50,'Местные жители - участники войн','',8,'2026-03-08 15:01:19','2026-03-08 15:01:19'),(1047,52,'История деревни','',0,'2026-03-08 17:26:03','2026-03-08 17:26:03'),(1048,52,'Топоним','',1,'2026-03-08 17:26:03','2026-03-08 17:26:03'),(1049,52,'Владельцы','',2,'2026-03-08 17:26:03','2026-03-08 17:26:03'),(1050,52,'Деревни, входившие в приход','',3,'2026-03-08 17:26:03','2026-03-08 17:26:03'),(1051,52,'Фамилии жителей','',4,'2026-03-08 17:26:03','2026-03-08 17:26:03'),(1052,52,'Административная принадлежность в разные периоды','',5,'2026-03-08 17:26:03','2026-03-08 17:26:03'),(1053,52,'Численность населения в разные периоды','',6,'2026-03-08 17:26:03','2026-03-08 17:26:03'),(1054,52,'Достопримечательности','',7,'2026-03-08 17:26:03','2026-03-08 17:26:03'),(1055,52,'Местные жители - участники войн','',8,'2026-03-08 17:26:03','2026-03-08 17:26:03'),(1056,53,'История деревни','',0,'2026-03-08 17:43:43','2026-03-08 17:43:43'),(1057,53,'Топоним','',1,'2026-03-08 17:43:43','2026-03-08 17:43:43'),(1058,53,'Владельцы','',2,'2026-03-08 17:43:43','2026-03-08 17:43:43'),(1059,53,'Приход','',3,'2026-03-08 17:43:43','2026-03-08 17:43:43'),(1060,53,'Фамилии жителей','',4,'2026-03-08 17:43:43','2026-03-08 17:43:43'),(1061,53,'Административная принадлежность в разные периоды','',5,'2026-03-08 17:43:43','2026-03-08 17:43:43'),(1062,53,'Численность населения в разные периоды','',6,'2026-03-08 17:43:43','2026-03-08 17:43:43'),(1063,53,'Достопримечательности','',7,'2026-03-08 17:43:43','2026-03-08 17:43:43'),(1064,53,'Местные жители - участники войн','',8,'2026-03-08 17:43:43','2026-03-08 17:43:43'),(1065,4,'История деревни','<h3 style=\"text-align: center;\"><em><strong>Когда возникла?</strong></em></h3>\r\n<p style=\"text-align: justify;\"><em>&nbsp; &nbsp;Деревня</em> <strong><em>Озёрки</em></strong> берет свое начало в середине XVII века. Как и большинство соседних деревень и сёл деревня возникает в период активного заселения мест, переставших подвергаться регулярным набегам со стороны Крымского ханства в 1640-1670-е гг. Сведений или источников, указывающих на точную дату возникновения деревни, к сожалению, нет. Тем не менее мы можем можем указать приблизительное время возникновения деревни, обратившись к первому документальномц упоминанию о ней. Впервые информацию о деревне мы встречаем в <em>Писцовой книге 1663-1667 гг.</em> [3] во владении стольника <strong><em>Семена Иванова сына Львова</em></strong>. Получается, что к 1663-1667 гг. деревня была и даже имела несколько дворов с крестьянами. Безусловно, тот факт, что к середине 1660-х гг. деревня существовала, предполагает, что возникнуть она могла и раньше. Но насколько раньше? Однозначного ответа на этот вопрос нет. Но определить год, который мог бы считаться началом и символической датой рождения деревни всё-таки возможно.</p>\r\n<p style=\"text-align: justify;\">&nbsp; &nbsp;В упомянутой <em>Писцовой книге 1663-1667 гг.</em> написано деревня Озёрки изначально была частью вотчины (вотчинной земли), что выделяло её среди большей части возникших или возникающих к тому времени деревень того периода. Интересно, что эта вотчина была приобретена по купчей (то есть куплена) Семеном Ивановым сыном Львовым, что засвидетельствовано дьяком&nbsp;<em>Степаном Шишкиным</em> в 1657 г. Из этого следует, что в 1657 г. деревня Озёрки (с высокой долей вероятности) уже была, поскольку вотчина предполагает владения, которые включают в себя земли, постройки и самих крестьян. Но то, что вотчина была куплена, говорит о том, что деревня существовала к 1657 г. В более ранней сохранившейся <em>Переписной книге 1646 г.</em> [1] о деревнях <strong><em>Есенецкого стана&nbsp;</em></strong><strong><em>Венёвского уезда&nbsp;</em></strong>(а деревня Озёрки входила в состав Есенецкого стана) информация представлена крайне скудно: не укзана ни одна деревня, а крестьянские и бобыльские дворы в них были пусты. Существует <em>Писцовая и межевая книга 1627 г.</em> [4], но в ней деревня Озёрки не встречается. Не встречается она и в <em>Платежных книгах 1616 и 1620 гг.</em> [5]. Нет упоминания о ней и в самой ранней по Есенецкому стану <em>Писцовой книге 1571-1572 гг.</em> [2]. Таким образом, анализируя имеющуюся информацию, можно прийти к следующему выводу: деревня Озёрки могла возникнуть, по всей видимости, в 1640-1650-е гг., но учитывая имеющиеся документальные факты и следуя историографической традиции определять дату основания населенного пункта по первому документальному упоминанию, годом рождения в рамках научного подхода можно считать <em><strong>1657 г.</strong></em></p>\r\n<table style=\"border-collapse: collapse; width: 99.9283%;\" border=\"1\"><colgroup><col style=\"width: 50%;\"><col style=\"width: 50%;\"></colgroup>\r\n<tbody>\r\n<tr>\r\n<td style=\"text-align: center;\"><strong>Предположительный период возникновения</strong></td>\r\n<td style=\"text-align: center;\"><strong>Первое документальное упоминание</strong></td>\r\n</tr>\r\n<tr>\r\n<td style=\"text-align: center;\">1646-1657</td>\r\n<td style=\"text-align: center;\">1657</td>\r\n</tr>\r\n</tbody>\r\n</table>\r\n<p class=\"MsoNormal\" style=\"margin-bottom: .0001pt; text-align: justify; line-height: normal;\"><em><span style=\"font-size: 12.0pt; font-family: \'Times New Roman\',serif; mso-fareast-font-family: \'Times New Roman\'; mso-fareast-language: RU;\">Ссылки:</span></em></p>\r\n<p class=\"MsoNormal\" style=\"margin-bottom: .0001pt; text-align: justify; line-height: normal; mso-outline-level: 6;\"><span style=\"font-size: 10.0pt; font-family: \'Times New Roman\',serif; mso-fareast-font-family: \'Times New Roman\'; mso-fareast-language: RU; mso-bidi-font-weight: bold;\">1. Переписная книга г. Венёва и Венёвского уезда (переписи И.И. Шаховского) 1646 г. - РГАДА, ф. 1209, оп. 1, ч. 1, д. 493; ч. 2. д. 14237.</span></p>\r\n<p class=\"MsoNormal\" style=\"margin-bottom: .0001pt; text-align: justify; line-height: normal; mso-outline-level: 6;\"><span style=\"font-size: 10.0pt; font-family: \'Times New Roman\',serif; mso-fareast-font-family: \'Times New Roman\'; mso-fareast-language: RU; mso-bidi-font-weight: bold;\">2. Писцовая книга Венёва (Городенска) и Венёвского уезда 1571-1572 гг.</span></p>\r\n<p class=\"MsoNormal\" style=\"margin-bottom: .0001pt; text-align: justify; line-height: normal; mso-outline-level: 6;\"><span style=\"font-size: 10.0pt; font-family: \'Times New Roman\',serif; mso-fareast-font-family: \'Times New Roman\'; mso-fareast-language: RU; mso-bidi-font-weight: bold;\">3. Писцовая книга Венёвского уезда писца А.П. Акинфова 1663-1667 гг. - РГАДА, ф. 1209, оп. 1., ч. 2, д. 14249.</span></p>\r\n<p class=\"MsoNormal\" style=\"margin-bottom: .0001pt; text-align: justify; line-height: normal; mso-outline-level: 6;\"><span style=\"font-size: 10.0pt; font-family: \'Times New Roman\',serif; mso-fareast-font-family: \'Times New Roman\'; mso-fareast-language: RU; mso-bidi-font-weight: bold;\">4. Писцовая и межевая книга Венёвского уезда писцов кн. Р.Ф. Болховского и И.А. Загряжского 1627 г. - РГАДА, ф. 1209, оп. 1, ч. 1, д. 52.</span></p>\r\n<p class=\"MsoNormal\" style=\"margin-bottom: .0001pt; text-align: justify; line-height: normal; mso-outline-level: 6;\"><span style=\"font-size: 10.0pt; font-family: \'Times New Roman\',serif; mso-fareast-font-family: \'Times New Roman\'; mso-fareast-language: RU; mso-bidi-font-weight: bold;\">5. Платежные книги Венёвского уезда, составленные по дозорным книгам Г. Федосеева и М. Савина 1616 и 1620 гг. - РГАДА, ф. 1209, оп. 1, ч. 1, д. 488.</span></p>\r\n<p class=\"MsoNormal\" style=\"margin-bottom: .0001pt; line-height: normal;\"><span style=\"font-size: 10.0pt;\">&nbsp;</span></p>',0,'2026-03-08 17:45:38','2026-03-08 17:45:38'),(1066,4,'Топоним','<p style=\"text-align: justify;\">&nbsp;&nbsp; Название деревни, если обратиться к сохранившимся картам Тульского региона за XVIII век, совпадает с названием небольшой речки. Современные жители деревни речку, на которой стоят Озерки, не называют и даже не предполагают, что она могла иметь какое-либо название. Согласно картам XVIII века речка берет свое начало недалеко от деревни, севернее, там, где когда-то находилась <em><strong>деревня&nbsp;</strong></em><a href=\"../settlement.html?id=6\"><em><strong><u>Хлопово (Прудки)</u></strong></em></a>, и впадает в речку Белколодезь, являясь одним из ее притоков. Трудно дать однозначный ответ на вопрос, что дало чему название: деревня &ndash; речке или речка &ndash; деревне. Точно одно: топоним имеет отношение к воде (), а точнее &ndash; к наличию, возможно, в прошлом&nbsp;<em>(мы не знаем, как могло выглядеть это место в середине XVII века, оно могло иметь немного иной вид)</em>&nbsp;небольших заводей, озер, отсюда и уменьшительная форма&nbsp;<em>озерки</em>, а не&nbsp;<em>озеры</em>. Одно из таких&nbsp;<em>&laquo;озер&raquo;</em>&nbsp;до сих существует и располагается на въезде в деревню, отмечено оно и на старых картах. Быть может, их было несколько. Вполне возможно, что форма&nbsp;<em>&laquo;озерки&raquo;</em>&nbsp;вовсе не указывает не множественность чего-то, а является уменьшительно-ласкательной формой одиночного объекта, образованной в рамках словообразовательной модели того времени (на это указывают другие топонимы, например,&nbsp;<em>Прудки,&nbsp;</em>которые располагались, если верить картам 18 века, там, где находился в лучшем случае один пруд, а где пруд и вовсе не отмечен) Тем не менее можно с уверенностью предположить, что название деревни не связано с именами владельцев деревни Озерки, как это можно увидеть, например, в названиях некоторых деревень&nbsp;<em><strong><u>Есенецкого стана</u></strong></em>.</p>\r\n<p style=\"text-align: justify;\">&nbsp; &nbsp;На всем протяжении существования деревня Озерки не меняла своего названия и не имела второго, альтернативного варианта. Интересным представляется факт произношения названия деревни: местные жители произносят его не так, как это должно было бы произноситься, т.е. с ударением на последнем слоге &ndash; <em>озеркИ</em>, а ставят ударение на второй слог, где произносится звук О &ndash;&nbsp;<em>озЁрки</em>. Получается интересный топоним-диалектизм.</p>',1,'2026-03-08 17:45:38','2026-03-08 17:45:38'),(1067,4,'Владельцы','',2,'2026-03-08 17:45:38','2026-03-08 17:45:38'),(1068,4,'Приход','',3,'2026-03-08 17:45:38','2026-03-08 17:45:38'),(1069,4,'Фамилии жителей','',4,'2026-03-08 17:45:38','2026-03-08 17:45:38'),(1070,4,'Административная принадлженость в разные периоды','',5,'2026-03-08 17:45:38','2026-03-08 17:45:38'),(1071,4,'Численность наслеления в разные периоды','',6,'2026-03-08 17:45:38','2026-03-08 17:45:38'),(1072,4,'Достопримечательности','',7,'2026-03-08 17:45:38','2026-03-08 17:45:38'),(1073,4,'Местные жители - участники войн','',8,'2026-03-08 17:45:38','2026-03-08 17:45:38'),(1074,54,'История деревни','',0,'2026-03-08 17:49:33','2026-03-08 17:49:33'),(1075,54,'Топоним','',1,'2026-03-08 17:49:33','2026-03-08 17:49:33'),(1076,54,'Владельцы','',2,'2026-03-08 17:49:33','2026-03-08 17:49:33'),(1077,54,'Приход','',3,'2026-03-08 17:49:33','2026-03-08 17:49:33'),(1078,54,'Фамилии жителей','',4,'2026-03-08 17:49:33','2026-03-08 17:49:33'),(1079,54,'Административная принадлежность в разные периоды','',5,'2026-03-08 17:49:33','2026-03-08 17:49:33'),(1080,54,'Численность населения в разные периоды','',6,'2026-03-08 17:49:33','2026-03-08 17:49:33'),(1081,54,'Достопримечательности','',7,'2026-03-08 17:49:33','2026-03-08 17:49:33'),(1082,54,'Местные жители - участники войн','',8,'2026-03-08 17:49:33','2026-03-08 17:49:33'),(1083,51,'История деревни','',0,'2026-03-09 09:33:08','2026-03-09 09:33:08'),(1084,51,'Топоним','',1,'2026-03-09 09:33:08','2026-03-09 09:33:08'),(1085,51,'Владельцы','',2,'2026-03-09 09:33:08','2026-03-09 09:33:08'),(1086,51,'Приход','',3,'2026-03-09 09:33:08','2026-03-09 09:33:08'),(1087,51,'Фамилии жителей деревни','',4,'2026-03-09 09:33:08','2026-03-09 09:33:08'),(1088,51,'Административная принадлежность в разные периоды','',5,'2026-03-09 09:33:08','2026-03-09 09:33:08'),(1089,51,'Численность населения в разные периоды','',6,'2026-03-09 09:33:08','2026-03-09 09:33:08'),(1090,51,'Достопримечательности','',7,'2026-03-09 09:33:08','2026-03-09 09:33:08'),(1091,51,'Местные жители - участники войн','',8,'2026-03-09 09:33:08','2026-03-09 09:33:08');
/*!40000 ALTER TABLE `settlement_rubrics` ENABLE KEYS */;
UNLOCK TABLES;

--
-- Table structure for table `settlements_v2`
--

DROP TABLE IF EXISTS `settlements_v2`;
/*!40101 SET @saved_cs_client     = @@character_set_client */;
/*!50503 SET character_set_client = utf8mb4 */;
CREATE TABLE `settlements_v2` (
  `id` int NOT NULL AUTO_INCREMENT,
  `category_id` int NOT NULL,
  `name` varchar(255) CHARACTER SET utf8mb4 COLLATE utf8mb4_unicode_ci NOT NULL,
  `status` enum('active','inactive') CHARACTER SET utf8mb4 COLLATE utf8mb4_unicode_ci DEFAULT 'active',
  `custom_status` varchar(255) CHARACTER SET utf8mb4 COLLATE utf8mb4_unicode_ci DEFAULT NULL,
  `year_founded` varchar(100) CHARACTER SET utf8mb4 COLLATE utf8mb4_unicode_ci DEFAULT NULL,
  `latitude` decimal(10,8) DEFAULT NULL,
  `longitude` decimal(11,8) DEFAULT NULL,
  `description` text CHARACTER SET utf8mb4 COLLATE utf8mb4_unicode_ci,
  `created_at` timestamp NULL DEFAULT CURRENT_TIMESTAMP,
  `updated_at` timestamp NULL DEFAULT CURRENT_TIMESTAMP ON UPDATE CURRENT_TIMESTAMP,
  PRIMARY KEY (`id`),
  KEY `idx_category` (`category_id`),
  KEY `idx_name` (`name`),
  KEY `idx_status` (`status`),
  CONSTRAINT `settlements_v2_ibfk_1` FOREIGN KEY (`category_id`) REFERENCES `categories` (`id`) ON DELETE CASCADE
) ENGINE=InnoDB AUTO_INCREMENT=55 DEFAULT CHARSET=utf8mb4 COLLATE=utf8mb4_unicode_ci;
/*!40101 SET character_set_client = @saved_cs_client */;

--
-- Dumping data for table `settlements_v2`
--

LOCK TABLES `settlements_v2` WRITE;
/*!40000 ALTER TABLE `settlements_v2` DISABLE KEYS */;
INSERT INTO `settlements_v2` VALUES (2,22,'Зубовка','active','деревня',NULL,54.00801800,38.57357900,NULL,'2026-02-17 10:10:04','2026-02-22 07:15:51'),(3,102,'Кукуй (Белколодезь, Великое Поле)','active','деревня','1676',54.12209100,38.49359800,NULL,'2026-02-17 15:47:11','2026-02-21 16:14:50'),(4,102,'Озёрки','active','деревня','1657',54.13935600,38.44992400,NULL,'2026-02-18 10:14:48','2026-02-21 16:13:47'),(5,101,'Савино','active','деревня','1572',54.14893200,38.55160600,NULL,'2026-02-18 10:16:33','2026-02-21 16:12:50'),(6,101,'Хлопово (Прудки)','inactive','деревня','1572',54.16962600,38.44212900,NULL,'2026-02-18 10:18:19','2026-02-21 16:11:09'),(7,101,'Александровка','inactive','деревня','1762',54.08819300,38.57706100,NULL,'2026-02-18 10:19:49','2026-02-21 16:10:15'),(8,102,'Бороздино (Успенское, Чусовка)','active','село','1663',54.11168300,38.36004400,NULL,'2026-02-19 06:07:24','2026-02-21 16:09:10'),(9,102,'Лунино (Высокое, Позняково, Богородицкое)','inactive','деревня','1677',54.14438800,38.47377700,NULL,'2026-02-19 06:12:41','2026-02-21 16:08:06'),(10,101,'Яцкое','active','деревня','1572',54.14774900,38.59366300,NULL,'2026-02-19 06:15:47','2026-02-21 16:06:26'),(11,101,'Подосинки-Кожино (Подосинки)','active','село','1572',54.19951900,38.53335600,NULL,'2026-02-19 06:22:26','2026-02-21 16:05:26'),(12,101,'Высокое (Высокое Поле)','inactive','деревня','1677',54.15130800,38.48624800,NULL,'2026-02-19 06:25:06','2026-02-28 06:30:02'),(13,101,'Рогачевка (Роговиковка)','inactive','деревня','1843',54.16349700,38.49294900,NULL,'2026-02-19 06:28:18','2026-02-21 16:03:39'),(14,101,'Холтобино','active','село','1572',54.18252200,38.47576900,NULL,'2026-02-21 06:46:49','2026-02-21 16:02:54'),(15,102,'Белколодезь','active','деревня','1572',54.12820300,38.36675200,NULL,'2026-02-21 06:53:15','2026-02-21 16:02:15'),(17,102,'Спасское (Ольховец)','active','село','1677',54.08035900,38.46914800,NULL,'2026-02-21 17:09:08','2026-02-21 17:09:08'),(18,102,'Ширино (Ольховец)','active','деревня',NULL,54.06484100,38.40377400,NULL,'2026-02-21 17:42:50','2026-02-21 17:42:50'),(19,102,'Избищи','active','деревня','1677',54.06438500,38.50323100,NULL,'2026-02-21 18:00:56','2026-02-21 18:00:56'),(20,102,'Петровочка','active','деревня',NULL,54.05835300,38.49744800,NULL,'2026-02-21 18:05:22','2026-02-21 18:05:22'),(21,102,'Ольховец','active','деревня','1572',54.10625100,38.43000400,NULL,'2026-02-21 18:11:31','2026-02-21 18:11:31'),(22,102,'Чусовка','active','деревня',NULL,54.11542200,38.36976200,NULL,'2026-02-21 18:24:29','2026-02-21 18:24:29'),(23,102,'Макшеево (Даниловка)','active','деревня',NULL,54.12403600,38.45098700,NULL,'2026-02-21 18:29:10','2026-02-21 18:29:10'),(24,103,'Знаменка (Знаменское)','active','деревня',NULL,54.11635700,38.31124000,NULL,'2026-02-21 18:35:52','2026-02-21 18:36:29'),(25,102,'Алмазово (Ивановское, Иваньково)','active','деревня',NULL,54.13822800,38.40695600,NULL,'2026-02-21 18:44:15','2026-02-21 18:44:15'),(26,101,'Тетяковка (Араповка)','active','деревня','1572',54.08977300,38.62289800,NULL,'2026-02-22 07:11:16','2026-02-22 07:11:16'),(28,101,'Галыгино (Никольское)','inactive','деревня',NULL,54.20587300,38.40914300,NULL,'2026-02-22 07:48:45','2026-02-22 07:50:44'),(29,101,'Озерки (Новинки)','inactive','деревня',NULL,54.17916100,38.52562400,NULL,'2026-02-22 11:53:20','2026-02-22 11:53:20'),(30,103,'Богдановка (Богдановское)','active','деревня',NULL,54.11266900,38.28830400,NULL,'2026-02-22 11:59:26','2026-02-22 11:59:26'),(31,101,'Андреевка (Андреевская, Мещерка)','inactive','деревня','1677',54.19223500,38.42582900,NULL,'2026-02-23 13:19:33','2026-02-23 13:19:33'),(32,101,'Большие Стрельцы (Стрелицы, Кикино)','active','деревня',NULL,54.05841100,38.67606700,NULL,'2026-02-23 13:27:02','2026-02-23 13:27:02'),(33,22,'Ивановка','active','деревня',NULL,54.02470300,38.62046800,NULL,'2026-02-23 14:57:52','2026-02-23 14:57:52'),(34,22,'Каркадиново (Красное, Слободка)','active','село',NULL,54.04177300,38.59846500,NULL,'2026-02-23 15:31:20','2026-02-23 15:31:20'),(35,22,'Пронь (Проня, Введенское)','active','посёлок',NULL,54.03663300,38.53581200,NULL,'2026-02-23 15:39:37','2026-02-23 15:39:37'),(36,103,'Малые Тетерки (Нижние Тетерки)','active','деревня',NULL,54.15766300,38.28845900,NULL,'2026-02-23 15:53:27','2026-02-23 15:53:27'),(37,101,'Истомино (Истомы Власова, Никольское)','inactive','село','1572',54.21917200,38.48695500,NULL,'2026-02-23 19:10:27','2026-02-23 19:10:27'),(38,103,'Большие Тетерки (Тетерки)','active','деревня',NULL,54.15372600,38.28205600,NULL,'2026-02-23 19:26:27','2026-02-23 19:26:27'),(39,101,'Кикино (Холтобино)','inactive','деревня','1677',54.18068900,38.46544700,NULL,'2026-02-23 19:33:16','2026-02-23 19:33:16'),(40,101,'Малое Истомино (Змеевка, Змеево)','inactive','деревня',NULL,54.19622600,38.48529600,NULL,'2026-02-24 17:27:19','2026-02-24 17:27:19'),(41,102,'Овцыны (Высокое, Богородицкое)','inactive','деревня','1677',54.14322000,38.46851500,NULL,'2026-02-25 20:16:13','2026-02-25 20:16:13'),(42,103,'Васильевка (Васильевское)','active','деревня',NULL,54.11124300,38.27224500,NULL,'2026-02-25 20:24:13','2026-02-25 20:24:13'),(43,192,'Настасьино','active','деревня','1572',54.46142000,38.25579200,NULL,'2026-02-27 20:18:16','2026-02-27 20:18:16'),(44,192,'Тулубьево','active','деревня',NULL,54.46387000,38.29412500,NULL,'2026-02-28 06:29:39','2026-02-28 06:29:39'),(45,166,'Верзилово','active','село',NULL,55.02017200,38.08985300,NULL,'2026-03-04 12:48:04','2026-03-04 12:48:04'),(46,166,'Колычево','active','село',NULL,55.00626500,38.09374900,NULL,'2026-03-04 12:56:33','2026-03-04 12:56:33'),(47,103,'Симаково','active','деревня',NULL,54.18509500,38.29812500,NULL,'2026-03-07 07:01:15','2026-03-07 07:01:15'),(48,102,'Солнцево (Сонцово, Хлопково)','inactive','деревня',NULL,54.05791800,38.52797200,NULL,'2026-03-08 11:40:05','2026-03-08 11:40:05'),(49,101,'Подлубное (Еленино)','active','деревня',NULL,54.16987700,38.34060600,NULL,'2026-03-08 11:55:23','2026-03-08 14:53:27'),(50,101,'Ясенок-Подлубное (Подлубное)','active','деревня',NULL,54.18137400,38.35750800,NULL,'2026-03-08 15:01:19','2026-03-08 15:01:19'),(51,101,'Ясенок-Муравьёвка (Ясенок)','inactive','деревня',NULL,54.18498700,38.36604600,NULL,'2026-03-08 17:22:09','2026-03-08 17:22:19'),(52,101,'Ясенок-Выселки (Подлубное)','active','деревня',NULL,54.18925200,38.36397900,NULL,'2026-03-08 17:26:03','2026-03-08 17:26:03'),(53,101,'Верхний Ясенок (Петровское, Подлубное)','inactive','деревня',NULL,54.19313400,38.38725000,NULL,'2026-03-08 17:41:24','2026-03-08 17:41:24'),(54,101,'Дубровка','inactive','деревня',NULL,54.20050800,38.31379000,NULL,'2026-03-08 17:49:33','2026-03-08 17:49:33');
/*!40000 ALTER TABLE `settlements_v2` ENABLE KEYS */;
UNLOCK TABLES;

--
-- Table structure for table `uploaded_files`
--

DROP TABLE IF EXISTS `uploaded_files`;
/*!40101 SET @saved_cs_client     = @@character_set_client */;
/*!50503 SET character_set_client = utf8mb4 */;
CREATE TABLE `uploaded_files` (
  `id` int NOT NULL AUTO_INCREMENT,
  `original_name` varchar(255) CHARACTER SET utf8mb4 COLLATE utf8mb4_unicode_ci NOT NULL,
  `stored_name` varchar(255) CHARACTER SET utf8mb4 COLLATE utf8mb4_unicode_ci NOT NULL,
  `file_path` varchar(500) CHARACTER SET utf8mb4 COLLATE utf8mb4_unicode_ci NOT NULL,
  `file_type` varchar(100) CHARACTER SET utf8mb4 COLLATE utf8mb4_unicode_ci DEFAULT NULL,
  `file_size` bigint DEFAULT NULL,
  `uploaded_by` int DEFAULT NULL,
  `created_at` timestamp NULL DEFAULT CURRENT_TIMESTAMP,
  PRIMARY KEY (`id`)
) ENGINE=InnoDB DEFAULT CHARSET=utf8mb4 COLLATE=utf8mb4_unicode_ci;
/*!40101 SET character_set_client = @saved_cs_client */;

--
-- Dumping data for table `uploaded_files`
--

LOCK TABLES `uploaded_files` WRITE;
/*!40000 ALTER TABLE `uploaded_files` DISABLE KEYS */;
/*!40000 ALTER TABLE `uploaded_files` ENABLE KEYS */;
UNLOCK TABLES;
/*!50112 SET @disable_bulk_load = IF (@is_rocksdb_supported, 'SET SESSION rocksdb_bulk_load = @old_rocksdb_bulk_load', 'SET @dummy_rocksdb_bulk_load = 0') */;
/*!50112 PREPARE s FROM @disable_bulk_load */;
/*!50112 EXECUTE s */;
/*!50112 DEALLOCATE PREPARE s */;
/*!40103 SET TIME_ZONE=@OLD_TIME_ZONE */;

/*!40101 SET SQL_MODE=@OLD_SQL_MODE */;
/*!40014 SET FOREIGN_KEY_CHECKS=@OLD_FOREIGN_KEY_CHECKS */;
/*!40014 SET UNIQUE_CHECKS=@OLD_UNIQUE_CHECKS */;
/*!40101 SET CHARACTER_SET_CLIENT=@OLD_CHARACTER_SET_CLIENT */;
/*!40101 SET CHARACTER_SET_RESULTS=@OLD_CHARACTER_SET_RESULTS */;
/*!40101 SET COLLATION_CONNECTION=@OLD_COLLATION_CONNECTION */;
/*!40111 SET SQL_NOTES=@OLD_SQL_NOTES */;

-- Dump completed on 2026-03-09 12:36:52
